cpt_hcpcs,tos,tos_desc,age_from,age_thru,age_units,urban_allowed_amount,urban_effective_start,rural_allowed_amount,rural_effective_start,note_code_1,note_code_2,note_code_3,last_pricing_review_date,source_code,source_description
70010,4,RADIOLOGY,0,999,Years,57.48,2025-03-01,461.69,2025-03-01,,RH,,2025-03-01,PRCR604C,HOSPITAL OUTPATIENT IMAGING SERVICES
70015,4,RADIOLOGY,0,999,Years,166.40,2025-03-01,961.23,2025-03-01,,RH,,2025-03-01,PRCR604C,HOSPITAL OUTPATIENT IMAGING SERVICES
70030,4,RADIOLOGY,0,999,Years,32.75,2023-09-01,109.09,2025-03-01,,RH,,2025-03-01,PRCR604C,HOSPITAL OUTPATIENT IMAGING SERVICES
70100,4,RADIOLOGY,0,999,Years,39.09,2025-03-01,109.09,2025-03-01,,RH,,2025-03-01,PRCR604C,HOSPITAL OUTPATIENT IMAGING SERVICES
70110,4,RADIOLOGY,0,999,Years,43.78,2025-03-01,131.99,2025-03-01,,RH,,2025-03-01,PRCR604C,HOSPITAL OUTPATIENT IMAGING SERVICES
70120,4,RADIOLOGY,0,999,Years,38.43,2025-03-01,131.99,2025-03-01,,RH,,2025-03-01,PRCR604C,HOSPITAL OUTPATIENT IMAGING SERVICES
70130,4,RADIOLOGY,0,999,Years,62.15,2025-03-01,131.99,2025-03-01,,RH,,2025-03-01,PRCR604C,HOSPITAL OUTPATIENT IMAGING SERVICES
70134,4,RADIOLOGY,0,999,Years,62.15,2025-03-01,662.29,2025-03-01,,RH,,2025-03-01,PRCR604C,HOSPITAL OUTPATIENT IMAGING SERVICES
70140,4,RADIOLOGY,0,999,Years,32.08,2025-03-01,109.09,2025-03-01,,RH,,2025-03-01,PRCR604C,HOSPITAL OUTPATIENT IMAGING SERVICES
70150,4,RADIOLOGY,0,999,Years,47.45,2025-03-01,131.99,2025-03-01,,RH,,2025-03-01,PRCR604C,HOSPITAL OUTPATIENT IMAGING SERVICES
70160,4,RADIOLOGY,0,999,Years,37.76,2025-03-01,109.09,2025-03-01,,RH,,2025-03-01,PRCR604C,HOSPITAL OUTPATIENT IMAGING SERVICES
70170,4,RADIOLOGY,0,999,Years,57.58,2025-03-01,294.17,2025-03-01,,RH,,2025-03-01,PRCR604C,HOSPITAL OUTPATIENT IMAGING SERVICES
70190,4,RADIOLOGY,0,999,Years,37.76,2023-09-01,109.09,2025-03-01,,RH,,2025-03-01,PRCR604C,HOSPITAL OUTPATIENT IMAGING SERVICES
70200,4,RADIOLOGY,0,999,Years,48.11,2023-09-01,131.99,2025-03-01,,RH,,2025-03-01,PRCR604C,HOSPITAL OUTPATIENT IMAGING SERVICES
70210,4,RADIOLOGY,0,999,Years,32.41,2023-09-01,109.09,2025-03-01,,RH,,2025-03-01,PRCR604C,HOSPITAL OUTPATIENT IMAGING SERVICES
70220,4,RADIOLOGY,0,999,Years,37.76,2023-09-01,109.09,2025-03-01,,RH,,2025-03-01,PRCR604C,HOSPITAL OUTPATIENT IMAGING SERVICES
70240,4,RADIOLOGY,0,999,Years,33.08,2023-09-01,109.09,2025-03-01,,RH,,2025-03-01,PRCR604C,HOSPITAL OUTPATIENT IMAGING SERVICES
70250,4,RADIOLOGY,0,999,Years,36.09,2023-09-01,131.99,2025-03-01,,RH,,2025-03-01,PRCR604C,HOSPITAL OUTPATIENT IMAGING SERVICES
70260,4,RADIOLOGY,0,999,Years,44.78,2023-09-01,131.99,2025-03-01,,RH,,2025-03-01,PRCR604C,HOSPITAL OUTPATIENT IMAGING SERVICES
70300,4,RADIOLOGY,0,999,Years,13.03,2023-09-01,109.09,2025-03-01,,RH,,2025-03-01,PRCR604C,HOSPITAL OUTPATIENT IMAGING SERVICES
70310,4,RADIOLOGY,0,999,Years,40.76,2025-03-01,294.17,2025-03-01,,RH,,2025-03-01,PRCR604C,HOSPITAL OUTPATIENT IMAGING SERVICES
70320,4,RADIOLOGY,0,999,Years,53.46,2025-03-01,294.17,2025-03-01,,RH,,2025-03-01,PRCR604C,HOSPITAL OUTPATIENT IMAGING SERVICES
70328,4,RADIOLOGY,0,999,Years,34.75,2023-09-01,109.09,2025-03-01,,RH,,2025-03-01,PRCR604C,HOSPITAL OUTPATIENT IMAGING SERVICES
70330,4,RADIOLOGY,0,999,Years,53.13,2023-09-01,109.09,2025-03-01,,RH,,2025-03-01,PRCR604C,HOSPITAL OUTPATIENT IMAGING SERVICES
70332,4,RADIOLOGY,0,999,Years,82.86,2025-03-01,294.17,2025-03-01,,RH,,2025-03-01,PRCR604C,HOSPITAL OUTPATIENT IMAGING SERVICES
70336,4,RADIOLOGY,0,999,Years,233.47,2025-03-01,294.17,2025-03-01,,RH,,2025-03-01,PRCR604C,HOSPITAL OUTPATIENT IMAGING SERVICES
70350,4,RADIOLOGY,0,999,Years,16.71,2025-03-01,109.09,2025-03-01,,RH,,2025-03-01,PRCR604C,HOSPITAL OUTPATIENT IMAGING SERVICES
70355,4,RADIOLOGY,0,999,Years,18.38,2025-03-01,109.09,2025-03-01,,RH,,2025-03-01,PRCR604C,HOSPITAL OUTPATIENT IMAGING SERVICES
70360,4,RADIOLOGY,0,999,Years,31.41,2025-03-01,109.09,2025-03-01,,RH,,2025-03-01,PRCR604C,HOSPITAL OUTPATIENT IMAGING SERVICES
70370,4,RADIOLOGY,0,999,Years,86.58,2025-03-01,109.09,2025-03-01,,RH,,2025-03-01,PRCR604C,HOSPITAL OUTPATIENT IMAGING SERVICES
70371,4,RADIOLOGY,0,999,Years,109.60,2025-03-01,294.17,2025-03-01,,RH,,2025-03-01,PRCR604C,HOSPITAL OUTPATIENT IMAGING SERVICES
70380,4,RADIOLOGY,0,999,Years,37.76,2023-09-01,109.09,2025-03-01,,RH,,2025-03-01,PRCR604C,HOSPITAL OUTPATIENT IMAGING SERVICES
70390,4,RADIOLOGY,0,999,Years,115.94,2025-03-01,294.17,2025-03-01,,RH,,2025-03-01,PRCR604C,HOSPITAL OUTPATIENT IMAGING SERVICES
70450,4,RADIOLOGY,0,999,Years,104.75,2025-03-01,131.99,2025-03-01,,RH,,2025-03-01,PRCR604C,HOSPITAL OUTPATIENT IMAGING SERVICES
70460,4,RADIOLOGY,0,999,Years,152.36,2025-03-01,220.58,2025-03-01,,RH,,2025-03-01,PRCR604C,HOSPITAL OUTPATIENT IMAGING SERVICES
70470,4,RADIOLOGY,0,999,Years,175.06,2025-03-01,220.58,2025-03-01,,RH,,2025-03-01,PRCR604C,HOSPITAL OUTPATIENT IMAGING SERVICES
70480,4,RADIOLOGY,0,999,Years,104.75,2025-03-01,131.99,2025-03-01,,RH,,2025-03-01,PRCR604C,HOSPITAL OUTPATIENT IMAGING SERVICES
70481,4,RADIOLOGY,0,999,Years,175.06,2025-03-01,220.58,2025-03-01,,RH,,2025-03-01,PRCR604C,HOSPITAL OUTPATIENT IMAGING SERVICES
70482,4,RADIOLOGY,0,999,Years,175.06,2025-03-01,220.58,2025-03-01,,RH,,2025-03-01,PRCR604C,HOSPITAL OUTPATIENT IMAGING SERVICES
70486,4,RADIOLOGY,0,999,Years,104.75,2025-03-01,131.99,2025-03-01,,RH,,2025-03-01,PRCR604C,HOSPITAL OUTPATIENT IMAGING SERVICES
70487,4,RADIOLOGY,0,999,Years,156.38,2025-03-01,220.58,2025-03-01,,RH,,2025-03-01,PRCR604C,HOSPITAL OUTPATIENT IMAGING SERVICES
70488,4,RADIOLOGY,0,999,Years,175.06,2025-03-01,220.58,2025-03-01,,RH,,2025-03-01,PRCR604C,HOSPITAL OUTPATIENT IMAGING SERVICES
70490,4,RADIOLOGY,0,999,Years,104.75,2025-03-01,131.99,2025-03-01,,RH,,2025-03-01,PRCR604C,HOSPITAL OUTPATIENT IMAGING SERVICES
70491,4,RADIOLOGY,0,999,Years,175.06,2025-03-01,220.58,2025-03-01,,RH,,2025-03-01,PRCR604C,HOSPITAL OUTPATIENT IMAGING SERVICES
70492,4,RADIOLOGY,0,999,Years,175.06,2025-03-01,220.58,2025-03-01,,RH,,2025-03-01,PRCR604C,HOSPITAL OUTPATIENT IMAGING SERVICES
70496,4,RADIOLOGY,0,999,Years,175.06,2025-03-01,220.58,2025-03-01,,RH,,2025-03-01,PRCR604C,HOSPITAL OUTPATIENT IMAGING SERVICES
70498,4,RADIOLOGY,0,999,Years,175.06,2025-03-01,220.58,2025-03-01,HP,RH,,2025-03-01,PRCR604C,HOSPITAL OUTPATIENT IMAGING SERVICES
70540,4,RADIOLOGY,0,999,Years,233.23,2025-03-01,294.17,2025-03-01,,RH,,2025-03-01,PRCR604C,HOSPITAL OUTPATIENT IMAGING SERVICES
70542,4,RADIOLOGY,0,999,Years,276.66,2025-03-01,461.69,2025-03-01,,RH,,2025-03-01,PRCR604C,HOSPITAL OUTPATIENT IMAGING SERVICES
70543,4,RADIOLOGY,0,999,Years,349.16,2025-03-01,461.69,2025-03-01,,RH,,2025-03-01,PRCR604C,HOSPITAL OUTPATIENT IMAGING SERVICES
70544,4,RADIOLOGY,0,999,Years,222.20,2025-03-01,294.17,2025-03-01,,RH,,2025-03-01,PRCR604C,HOSPITAL OUTPATIENT IMAGING SERVICES
70545,4,RADIOLOGY,0,999,Years,234.23,2025-03-01,461.69,2025-03-01,,RH,,2025-03-01,PRCR604C,HOSPITAL OUTPATIENT IMAGING SERVICES
70546,4,RADIOLOGY,0,999,Years,340.15,2025-03-01,461.69,2025-03-01,,RH,,2025-03-01,PRCR604C,HOSPITAL OUTPATIENT IMAGING SERVICES
70547,4,RADIOLOGY,0,999,Years,222.54,2025-03-01,294.17,2025-03-01,HP,RH,,2025-03-01,PRCR604C,HOSPITAL OUTPATIENT IMAGING SERVICES
70548,4,RADIOLOGY,0,999,Years,253.60,2025-03-01,461.69,2025-03-01,HP,RH,,2025-03-01,PRCR604C,HOSPITAL OUTPATIENT IMAGING SERVICES
70549,4,RADIOLOGY,0,999,Years,356.19,2025-03-01,461.69,2025-03-01,,RH,,2025-03-01,PRCR604C,HOSPITAL OUTPATIENT IMAGING SERVICES
70551,4,RADIOLOGY,0,999,Years,202.15,2025-03-01,294.17,2025-03-01,,RH,,2025-03-01,PRCR604C,HOSPITAL OUTPATIENT IMAGING SERVICES
70552,4,RADIOLOGY,0,999,Years,278.66,2025-03-01,461.69,2025-03-01,,RH,,2025-03-01,PRCR604C,HOSPITAL OUTPATIENT IMAGING SERVICES
70553,4,RADIOLOGY,0,999,Years,328.11,2025-03-01,461.69,2025-03-01,,RH,,2025-03-01,PRCR604C,HOSPITAL OUTPATIENT IMAGING SERVICES
70554,4,RADIOLOGY,0,999,Years,233.47,2025-03-01,294.17,2025-03-01,,RH,,2025-03-01,PRCR604C,HOSPITAL OUTPATIENT IMAGING SERVICES
71045,4,RADIOLOGY,0,999,Years,25.73,2025-03-01,109.09,2025-03-01,,RH,,2025-03-01,PRCR604C,HOSPITAL OUTPATIENT IMAGING SERVICES
71046,4,RADIOLOGY,0,999,Years,33.75,2023-09-01,109.09,2025-03-01,,RH,,2025-03-01,PRCR604C,HOSPITAL OUTPATIENT IMAGING SERVICES
71047,4,RADIOLOGY,0,999,Years,42.44,2023-09-01,109.09,2025-03-01,,RH,,2025-03-01,PRCR604C,HOSPITAL OUTPATIENT IMAGING SERVICES
71048,4,RADIOLOGY,0,999,Years,45.78,2025-03-01,131.99,2025-03-01,,RH,,2025-03-01,PRCR604C,HOSPITAL OUTPATIENT IMAGING SERVICES
71100,4,RADIOLOGY,0,999,Years,36.75,2025-03-01,109.09,2025-03-01,,RH,,2025-03-01,PRCR604C,HOSPITAL OUTPATIENT IMAGING SERVICES
71101,4,RADIOLOGY,0,999,Years,42.44,2023-09-01,131.99,2025-03-01,,RH,,2025-03-01,PRCR604C,HOSPITAL OUTPATIENT IMAGING SERVICES
71110,4,RADIOLOGY,0,999,Years,44.10,2023-09-01,131.99,2025-03-01,,RH,,2025-03-01,PRCR604C,HOSPITAL OUTPATIENT IMAGING SERVICES
71111,4,RADIOLOGY,0,999,Years,52.79,2023-09-01,131.99,2025-03-01,,RH,,2025-03-01,PRCR604C,HOSPITAL OUTPATIENT IMAGING SERVICES
71120,4,RADIOLOGY,0,999,Years,33.75,2023-09-01,109.09,2025-03-01,,RH,,2025-03-01,PRCR604C,HOSPITAL OUTPATIENT IMAGING SERVICES
71130,4,RADIOLOGY,0,999,Years,41.44,2023-09-01,109.09,2025-03-01,,RH,,2025-03-01,PRCR604C,HOSPITAL OUTPATIENT IMAGING SERVICES
71250,4,RADIOLOGY,0,999,Years,104.75,2025-03-01,131.99,2025-03-01,,RH,,2025-03-01,PRCR604C,HOSPITAL OUTPATIENT IMAGING SERVICES
71260,4,RADIOLOGY,0,999,Years,171.74,2025-03-01,220.58,2025-03-01,,RH,,2025-03-01,PRCR604C,HOSPITAL OUTPATIENT IMAGING SERVICES
71270,4,RADIOLOGY,0,999,Years,175.06,2025-03-01,220.58,2025-03-01,,RH,,2025-03-01,PRCR604C,HOSPITAL OUTPATIENT IMAGING SERVICES
71271,4,RADIOLOGY,50,80,Years,104.75,2025-03-01,131.99,2025-03-01,,RH,,2025-03-01,PRCR604C,HOSPITAL OUTPATIENT IMAGING SERVICES
71275,4,RADIOLOGY,0,999,Years,175.06,2025-03-01,220.58,2025-03-01,HP,RH,,2025-03-01,PRCR604C,HOSPITAL OUTPATIENT IMAGING SERVICES
71550,4,RADIOLOGY,0,999,Years,233.47,2025-03-01,294.17,2025-03-01,,RH,,2025-03-01,PRCR604C,HOSPITAL OUTPATIENT IMAGING SERVICES
71551,4,RADIOLOGY,0,999,Years,385.25,2025-03-01,961.23,2025-03-01,,RH,,2025-03-01,PRCR604C,HOSPITAL OUTPATIENT IMAGING SERVICES
71552,4,RADIOLOGY,0,999,Years,366.42,2025-03-01,461.69,2025-03-01,,RH,,2025-03-01,PRCR604C,HOSPITAL OUTPATIENT IMAGING SERVICES
72020,4,RADIOLOGY,0,999,Years,24.39,2025-03-01,109.09,2025-03-01,,RH,,2025-03-01,PRCR604C,HOSPITAL OUTPATIENT IMAGING SERVICES
72040,4,RADIOLOGY,0,999,Years,39.76,2023-09-01,109.09,2025-03-01,,RH,,2025-03-01,PRCR604C,HOSPITAL OUTPATIENT IMAGING SERVICES
72050,4,RADIOLOGY,0,999,Years,53.80,2025-03-01,131.99,2025-03-01,,RH,,2025-03-01,PRCR604C,HOSPITAL OUTPATIENT IMAGING SERVICES
72052,4,RADIOLOGY,0,999,Years,62.81,2025-03-01,131.99,2025-03-01,,RH,,2025-03-01,PRCR604C,HOSPITAL OUTPATIENT IMAGING SERVICES
72070,4,RADIOLOGY,0,999,Years,33.08,2023-09-01,131.99,2025-03-01,,RH,,2025-03-01,PRCR604C,HOSPITAL OUTPATIENT IMAGING SERVICES
72072,4,RADIOLOGY,0,999,Years,39.76,2025-03-01,131.99,2025-03-01,,RH,,2025-03-01,PRCR604C,HOSPITAL OUTPATIENT IMAGING SERVICES
72074,4,RADIOLOGY,0,999,Years,44.78,2025-03-01,131.99,2025-03-01,,RH,,2025-03-01,PRCR604C,HOSPITAL OUTPATIENT IMAGING SERVICES
72080,4,RADIOLOGY,0,999,Years,34.75,2023-09-01,109.09,2025-03-01,,RH,,2025-03-01,PRCR604C,HOSPITAL OUTPATIENT IMAGING SERVICES
72081,4,RADIOLOGY,0,999,Years,42.78,2023-09-01,109.09,2025-03-01,,RH,,2025-03-01,PRCR604C,HOSPITAL OUTPATIENT IMAGING SERVICES
72082,4,RADIOLOGY,0,999,Years,70.50,2023-09-01,131.99,2025-03-01,,RH,,2025-03-01,PRCR604C,HOSPITAL OUTPATIENT IMAGING SERVICES
72083,4,RADIOLOGY,0,999,Years,79.53,2025-03-01,131.99,2025-03-01,,RH,,2025-03-01,PRCR604C,HOSPITAL OUTPATIENT IMAGING SERVICES
72084,4,RADIOLOGY,0,999,Years,98.90,2025-03-01,131.99,2025-03-01,,RH,,2025-03-01,PRCR604C,HOSPITAL OUTPATIENT IMAGING SERVICES
72100,4,RADIOLOGY,0,999,Years,40.10,2023-09-01,131.99,2025-03-01,,RH,,2025-03-01,PRCR604C,HOSPITAL OUTPATIENT IMAGING SERVICES
72110,4,RADIOLOGY,0,999,Years,52.13,2025-03-01,131.99,2025-03-01,,RH,,2025-03-01,PRCR604C,HOSPITAL OUTPATIENT IMAGING SERVICES
72114,4,RADIOLOGY,0,999,Years,61.48,2025-03-01,131.99,2025-03-01,,RH,,2025-03-01,PRCR604C,HOSPITAL OUTPATIENT IMAGING SERVICES
72120,4,RADIOLOGY,0,999,Years,40.76,2023-09-01,131.99,2025-03-01,,RH,,2025-03-01,PRCR604C,HOSPITAL OUTPATIENT IMAGING SERVICES
72125,4,RADIOLOGY,0,999,Years,104.75,2025-03-01,131.99,2025-03-01,,RH,,2025-03-01,PRCR604C,HOSPITAL OUTPATIENT IMAGING SERVICES
72126,4,RADIOLOGY,0,999,Years,173.41,2025-03-01,461.69,2025-03-01,,RH,,2025-03-01,PRCR604C,HOSPITAL OUTPATIENT IMAGING SERVICES
72127,4,RADIOLOGY,0,999,Years,175.06,2025-03-01,220.58,2025-03-01,,RH,,2025-03-01,PRCR604C,HOSPITAL OUTPATIENT IMAGING SERVICES
72128,4,RADIOLOGY,0,999,Years,104.75,2025-03-01,131.99,2025-03-01,,RH,,2025-03-01,PRCR604C,HOSPITAL OUTPATIENT IMAGING SERVICES
72129,4,RADIOLOGY,0,999,Years,174.75,2025-03-01,220.58,2025-03-01,,RH,,2025-03-01,PRCR604C,HOSPITAL OUTPATIENT IMAGING SERVICES
72130,4,RADIOLOGY,0,999,Years,175.06,2025-03-01,220.58,2025-03-01,,RH,,2025-03-01,PRCR604C,HOSPITAL OUTPATIENT IMAGING SERVICES
72131,4,RADIOLOGY,0,999,Years,104.75,2025-03-01,131.99,2025-03-01,,RH,,2025-03-01,PRCR604C,HOSPITAL OUTPATIENT IMAGING SERVICES
72132,4,RADIOLOGY,0,999,Years,173.75,2025-03-01,461.69,2025-03-01,,RH,,2025-03-01,PRCR604C,HOSPITAL OUTPATIENT IMAGING SERVICES
72133,4,RADIOLOGY,0,999,Years,175.06,2025-03-01,220.58,2025-03-01,,RH,,2025-03-01,PRCR604C,HOSPITAL OUTPATIENT IMAGING SERVICES
72141,4,RADIOLOGY,0,999,Years,196.48,2025-03-01,294.17,2025-03-01,,RH,,2025-03-01,PRCR604C,HOSPITAL OUTPATIENT IMAGING SERVICES
72142,4,RADIOLOGY,0,999,Years,284.01,2025-03-01,461.69,2025-03-01,,RH,,2025-03-01,PRCR604C,HOSPITAL OUTPATIENT IMAGING SERVICES
72146,4,RADIOLOGY,0,999,Years,196.14,2025-03-01,294.17,2025-03-01,,RH,,2025-03-01,PRCR604C,HOSPITAL OUTPATIENT IMAGING SERVICES
72147,4,RADIOLOGY,0,999,Years,281.34,2025-03-01,461.69,2025-03-01,,RH,,2025-03-01,PRCR604C,HOSPITAL OUTPATIENT IMAGING SERVICES
72148,4,RADIOLOGY,0,999,Years,197.14,2025-03-01,294.17,2025-03-01,,RH,,2025-03-01,PRCR604C,HOSPITAL OUTPATIENT IMAGING SERVICES
72149,4,RADIOLOGY,0,999,Years,279.00,2025-03-01,461.69,2025-03-01,,RH,,2025-03-01,PRCR604C,HOSPITAL OUTPATIENT IMAGING SERVICES
72156,4,RADIOLOGY,0,999,Years,329.79,2025-03-01,461.69,2025-03-01,,RH,,2025-03-01,PRCR604C,HOSPITAL OUTPATIENT IMAGING SERVICES
72157,4,RADIOLOGY,0,999,Years,330.45,2025-03-01,461.69,2025-03-01,,RH,,2025-03-01,PRCR604C,HOSPITAL OUTPATIENT IMAGING SERVICES
72158,4,RADIOLOGY,0,999,Years,329.13,2025-03-01,461.69,2025-03-01,,RH,,2025-03-01,PRCR604C,HOSPITAL OUTPATIENT IMAGING SERVICES
72170,4,RADIOLOGY,0,999,Years,28.06,2023-09-01,131.99,2025-03-01,,RH,,2025-03-01,PRCR604C,HOSPITAL OUTPATIENT IMAGING SERVICES
72190,4,RADIOLOGY,0,999,Years,42.44,2023-09-01,131.99,2025-03-01,,RH,,2025-03-01,PRCR604C,HOSPITAL OUTPATIENT IMAGING SERVICES
72191,4,RADIOLOGY,0,999,Years,175.06,2025-03-01,220.58,2025-03-01,,RH,,2025-03-01,PRCR604C,HOSPITAL OUTPATIENT IMAGING SERVICES
72192,4,RADIOLOGY,0,999,Years,104.75,2025-03-01,131.99,2025-03-01,,RH,,2025-03-01,PRCR604C,HOSPITAL OUTPATIENT IMAGING SERVICES
72193,4,RADIOLOGY,0,999,Years,175.06,2025-03-01,220.58,2025-03-01,,RH,,2025-03-01,PRCR604C,HOSPITAL OUTPATIENT IMAGING SERVICES
72194,4,RADIOLOGY,0,999,Years,175.06,2025-03-01,220.58,2025-03-01,,RH,,2025-03-01,PRCR604C,HOSPITAL OUTPATIENT IMAGING SERVICES
72195,4,RADIOLOGY,0,999,Years,233.47,2025-03-01,294.17,2025-03-01,,RH,,2025-03-01,PRCR604C,HOSPITAL OUTPATIENT IMAGING SERVICES
72196,4,RADIOLOGY,0,999,Years,276.66,2025-03-01,461.69,2025-03-01,,RH,,2025-03-01,PRCR604C,HOSPITAL OUTPATIENT IMAGING SERVICES
72197,4,RADIOLOGY,0,999,Years,347.16,2025-03-01,461.69,2025-03-01,,RH,,2025-03-01,PRCR604C,HOSPITAL OUTPATIENT IMAGING SERVICES
72200,4,RADIOLOGY,0,999,Years,33.41,2025-03-01,131.99,2025-03-01,,RH,,2025-03-01,PRCR604C,HOSPITAL OUTPATIENT IMAGING SERVICES
72202,4,RADIOLOGY,0,999,Years,39.43,2023-09-01,131.99,2025-03-01,,RH,,2025-03-01,PRCR604C,HOSPITAL OUTPATIENT IMAGING SERVICES
72220,4,RADIOLOGY,0,999,Years,32.75,2023-09-01,109.09,2025-03-01,,RH,,2025-03-01,PRCR604C,HOSPITAL OUTPATIENT IMAGING SERVICES
72240,4,RADIOLOGY,0,999,Years,112.26,2025-03-01,961.23,2025-03-01,,RH,,2025-03-01,PRCR604C,HOSPITAL OUTPATIENT IMAGING SERVICES
72255,4,RADIOLOGY,0,999,Years,107.93,2025-03-01,961.23,2025-03-01,,RH,,2025-03-01,PRCR604C,HOSPITAL OUTPATIENT IMAGING SERVICES
72265,4,RADIOLOGY,0,999,Years,109.26,2025-03-01,961.23,2025-03-01,,RH,,2025-03-01,PRCR604C,HOSPITAL OUTPATIENT IMAGING SERVICES
72270,4,RADIOLOGY,0,999,Years,153.04,2025-03-01,961.23,2025-03-01,,RH,,2025-03-01,PRCR604C,HOSPITAL OUTPATIENT IMAGING SERVICES
72285,4,RADIOLOGY,0,999,Years,132.31,2025-03-01,2317.93,2025-03-01,,RH,,2025-03-01,PRCR604C,HOSPITAL OUTPATIENT IMAGING SERVICES
72295,4,RADIOLOGY,0,999,Years,111.60,2025-03-01,2317.93,2025-03-01,,RH,,2025-03-01,PRCR604C,HOSPITAL OUTPATIENT IMAGING SERVICES
73000,4,RADIOLOGY,0,999,Years,32.75,2025-03-01,109.09,2025-03-01,,RH,,2025-03-01,PRCR604C,HOSPITAL OUTPATIENT IMAGING SERVICES
73010,4,RADIOLOGY,0,999,Years,24.06,2025-03-01,131.99,2025-03-01,,RH,,2025-03-01,PRCR604C,HOSPITAL OUTPATIENT IMAGING SERVICES
73020,4,RADIOLOGY,0,999,Years,21.71,2023-09-01,109.09,2025-03-01,,RH,,2025-03-01,PRCR604C,HOSPITAL OUTPATIENT IMAGING SERVICES
73030,4,RADIOLOGY,0,999,Years,35.09,2025-03-01,109.09,2025-03-01,,RH,,2025-03-01,PRCR604C,HOSPITAL OUTPATIENT IMAGING SERVICES
73040,4,RADIOLOGY,0,999,Years,131.99,2025-03-01,461.69,2025-03-01,,RH,,2025-03-01,PRCR604C,HOSPITAL OUTPATIENT IMAGING SERVICES
73050,4,RADIOLOGY,0,999,Years,29.08,2025-03-01,109.09,2025-03-01,,RH,,2025-03-01,PRCR604C,HOSPITAL OUTPATIENT IMAGING SERVICES
73060,4,RADIOLOGY,0,999,Years,32.08,2025-03-01,109.09,2025-03-01,,RH,,2025-03-01,PRCR604C,HOSPITAL OUTPATIENT IMAGING SERVICES
73070,4,RADIOLOGY,0,999,Years,29.40,2023-09-01,109.09,2025-03-01,,RH,,2025-03-01,PRCR604C,HOSPITAL OUTPATIENT IMAGING SERVICES
73080,4,RADIOLOGY,0,999,Years,33.08,2025-03-01,109.09,2025-03-01,,RH,,2025-03-01,PRCR604C,HOSPITAL OUTPATIENT IMAGING SERVICES
73085,4,RADIOLOGY,0,999,Years,100.24,2025-03-01,461.69,2025-03-01,,RH,,2025-03-01,PRCR604C,HOSPITAL OUTPATIENT IMAGING SERVICES
73090,4,RADIOLOGY,0,999,Years,29.40,2023-09-01,109.09,2025-03-01,,RH,,2025-03-01,PRCR604C,HOSPITAL OUTPATIENT IMAGING SERVICES
73092,4,RADIOLOGY,0,365,Days,104.75,2025-03-01,131.99,2025-03-01,,RH,,2025-03-01,PRCR604C,HOSPITAL OUTPATIENT IMAGING SERVICES
73100,4,RADIOLOGY,0,999,Years,34.09,2023-09-01,109.09,2025-03-01,,RH,,2025-03-01,PRCR604C,HOSPITAL OUTPATIENT IMAGING SERVICES
73110,4,RADIOLOGY,0,999,Years,41.44,2025-03-01,109.09,2025-03-01,,RH,,2025-03-01,PRCR604C,HOSPITAL OUTPATIENT IMAGING SERVICES
73115,4,RADIOLOGY,0,999,Years,135.33,2025-03-01,461.69,2025-03-01,,RH,,2025-03-01,PRCR604C,HOSPITAL OUTPATIENT IMAGING SERVICES
73120,4,RADIOLOGY,0,999,Years,31.74,2025-03-01,131.99,2025-03-01,,RH,,2025-03-01,PRCR604C,HOSPITAL OUTPATIENT IMAGING SERVICES
73130,4,RADIOLOGY,0,999,Years,37.43,2025-03-01,109.09,2025-03-01,,RH,,2025-03-01,PRCR604C,HOSPITAL OUTPATIENT IMAGING SERVICES
73140,4,RADIOLOGY,0,999,Years,38.43,2025-03-01,109.09,2025-03-01,,RH,,2025-03-01,PRCR604C,HOSPITAL OUTPATIENT IMAGING SERVICES
73200,4,RADIOLOGY,0,999,Years,104.75,2025-03-01,131.99,2025-03-01,,RH,,2025-03-01,PRCR604C,HOSPITAL OUTPATIENT IMAGING SERVICES
73201,4,RADIOLOGY,0,999,Years,206.49,2025-03-01,461.69,2025-03-01,,RH,,2025-03-01,PRCR604C,HOSPITAL OUTPATIENT IMAGING SERVICES
73202,4,RADIOLOGY,0,999,Years,175.06,2025-03-01,220.58,2025-03-01,,RH,,2025-03-01,PRCR604C,HOSPITAL OUTPATIENT IMAGING SERVICES
73206,4,RADIOLOGY,0,999,Years,175.06,2025-03-01,220.58,2025-03-01,,RH,,2025-03-01,PRCR604C,HOSPITAL OUTPATIENT IMAGING SERVICES
73218,4,RADIOLOGY,0,999,Years,233.47,2025-03-01,294.17,2025-03-01,,RH,,2025-03-01,PRCR604C,HOSPITAL OUTPATIENT IMAGING SERVICES
73219,4,RADIOLOGY,0,999,Years,341.81,2025-03-01,461.69,2025-03-01,,RH,,2025-03-01,PRCR604C,HOSPITAL OUTPATIENT IMAGING SERVICES
73220,4,RADIOLOGY,0,999,Years,366.42,2025-03-01,461.69,2025-03-01,,RH,,2025-03-01,PRCR604C,HOSPITAL OUTPATIENT IMAGING SERVICES
73221,4,RADIOLOGY,0,999,Years,209.16,2025-03-01,294.17,2025-03-01,,RH,,2025-03-01,PRCR604C,HOSPITAL OUTPATIENT IMAGING SERVICES
73222,4,RADIOLOGY,0,999,Years,323.10,2025-03-01,961.23,2025-03-01,,RH,,2025-03-01,PRCR604C,HOSPITAL OUTPATIENT IMAGING SERVICES
73223,4,RADIOLOGY,0,999,Years,366.42,2025-03-01,461.69,2025-03-01,,RH,,2025-03-01,PRCR604C,HOSPITAL OUTPATIENT IMAGING SERVICES
73501,4,RADIOLOGY,0,999,Years,33.08,2023-09-01,109.09,2025-03-01,,RH,,2025-03-01,PRCR604C,HOSPITAL OUTPATIENT IMAGING SERVICES
73502,4,RADIOLOGY,0,999,Years,47.78,2025-03-01,109.09,2025-03-01,,RH,,2025-03-01,PRCR604C,HOSPITAL OUTPATIENT IMAGING SERVICES
73503,4,RADIOLOGY,0,999,Years,60.14,2025-03-01,131.99,2025-03-01,,RH,,2025-03-01,PRCR604C,HOSPITAL OUTPATIENT IMAGING SERVICES
73521,4,RADIOLOGY,0,999,Years,41.44,2023-09-01,131.99,2025-03-01,,RH,,2025-03-01,PRCR604C,HOSPITAL OUTPATIENT IMAGING SERVICES
73522,4,RADIOLOGY,0,999,Years,54.13,2025-03-01,131.99,2025-03-01,,RH,,2025-03-01,PRCR604C,HOSPITAL OUTPATIENT IMAGING SERVICES
73523,4,RADIOLOGY,0,999,Years,62.15,2023-09-01,131.99,2025-03-01,,RH,,2025-03-01,PRCR604C,HOSPITAL OUTPATIENT IMAGING SERVICES
73525,4,RADIOLOGY,0,999,Years,129.31,2025-03-01,461.69,2025-03-01,,RH,,2025-03-01,PRCR604C,HOSPITAL OUTPATIENT IMAGING SERVICES
73551,4,RADIOLOGY,0,999,Years,29.40,2023-09-01,109.09,2025-03-01,,RH,,2025-03-01,PRCR604C,HOSPITAL OUTPATIENT IMAGING SERVICES
73552,4,RADIOLOGY,0,999,Years,35.75,2023-09-01,109.09,2025-03-01,,RH,,2025-03-01,PRCR604C,HOSPITAL OUTPATIENT IMAGING SERVICES
73560,4,RADIOLOGY,0,999,Years,34.41,2023-09-01,109.09,2025-03-01,,RH,,2025-03-01,PRCR604C,HOSPITAL OUTPATIENT IMAGING SERVICES
73562,4,RADIOLOGY,0,999,Years,41.10,2025-03-01,109.09,2025-03-01,,RH,,2025-03-01,PRCR604C,HOSPITAL OUTPATIENT IMAGING SERVICES
73564,4,RADIOLOGY,0,999,Years,47.45,2025-03-01,131.99,2025-03-01,,RH,,2025-03-01,PRCR604C,HOSPITAL OUTPATIENT IMAGING SERVICES
73565,4,RADIOLOGY,0,999,Years,40.10,2023-09-01,109.09,2025-03-01,,RH,,2025-03-01,PRCR604C,HOSPITAL OUTPATIENT IMAGING SERVICES
73580,4,RADIOLOGY,0,999,Years,110.94,2025-03-01,461.69,2025-03-01,,RH,,2025-03-01,PRCR604C,HOSPITAL OUTPATIENT IMAGING SERVICES
73590,4,RADIOLOGY,0,999,Years,31.74,2023-09-01,109.09,2025-03-01,,RH,,2025-03-01,PRCR604C,HOSPITAL OUTPATIENT IMAGING SERVICES
73592,4,RADIOLOGY,0,365,Days,86.58,2025-03-01,109.09,2025-03-01,,RH,,2025-03-01,PRCR604C,HOSPITAL OUTPATIENT IMAGING SERVICES
73600,4,RADIOLOGY,0,999,Years,32.41,2025-03-01,109.09,2025-03-01,,RH,,2025-03-01,PRCR604C,HOSPITAL OUTPATIENT IMAGING SERVICES
73610,4,RADIOLOGY,0,999,Years,36.75,2025-03-01,109.09,2025-03-01,,RH,,2025-03-01,PRCR604C,HOSPITAL OUTPATIENT IMAGING SERVICES
73615,4,RADIOLOGY,0,999,Years,128.31,2025-03-01,461.69,2025-03-01,,RH,,2025-03-01,PRCR604C,HOSPITAL OUTPATIENT IMAGING SERVICES
73620,4,RADIOLOGY,0,999,Years,28.74,2025-03-01,109.09,2025-03-01,,RH,,2025-03-01,PRCR604C,HOSPITAL OUTPATIENT IMAGING SERVICES
73630,4,RADIOLOGY,0,999,Years,34.41,2023-09-01,109.09,2025-03-01,,RH,,2025-03-01,PRCR604C,HOSPITAL OUTPATIENT IMAGING SERVICES
73650,4,RADIOLOGY,0,999,Years,28.74,2023-09-01,109.09,2025-03-01,,RH,,2025-03-01,PRCR604C,HOSPITAL OUTPATIENT IMAGING SERVICES
73660,4,RADIOLOGY,0,999,Years,29.40,2023-09-01,109.09,2025-03-01,,RH,,2025-03-01,PRCR604C,HOSPITAL OUTPATIENT IMAGING SERVICES
73700,4,RADIOLOGY,0,999,Years,104.75,2025-03-01,131.99,2025-03-01,,RH,,2025-03-01,PRCR604C,HOSPITAL OUTPATIENT IMAGING SERVICES
73701,4,RADIOLOGY,0,999,Years,171.41,2025-03-01,220.58,2025-03-01,,RH,,2025-03-01,PRCR604C,HOSPITAL OUTPATIENT IMAGING SERVICES
73702,4,RADIOLOGY,0,999,Years,175.06,2025-03-01,220.58,2025-03-01,,RH,,2025-03-01,PRCR604C,HOSPITAL OUTPATIENT IMAGING SERVICES
73706,4,RADIOLOGY,0,999,Years,175.06,2025-03-01,220.58,2025-03-01,HP,RH,,2025-03-01,PRCR604C,HOSPITAL OUTPATIENT IMAGING SERVICES
73718,4,RADIOLOGY,0,999,Years,230.21,2025-03-01,294.17,2025-03-01,,RH,,2025-03-01,PRCR604C,HOSPITAL OUTPATIENT IMAGING SERVICES
73719,4,RADIOLOGY,0,999,Years,271.31,2025-03-01,461.69,2025-03-01,,RH,,2025-03-01,PRCR604C,HOSPITAL OUTPATIENT IMAGING SERVICES
73720,4,RADIOLOGY,0,999,Years,347.50,2025-03-01,461.69,2025-03-01,,RH,,2025-03-01,PRCR604C,HOSPITAL OUTPATIENT IMAGING SERVICES
73721,4,RADIOLOGY,0,999,Years,208.84,2025-03-01,294.17,2025-03-01,,RH,,2025-03-01,PRCR604C,HOSPITAL OUTPATIENT IMAGING SERVICES
73722,4,RADIOLOGY,0,999,Years,323.44,2025-03-01,961.23,2025-03-01,,RH,,2025-03-01,PRCR604C,HOSPITAL OUTPATIENT IMAGING SERVICES
73723,4,RADIOLOGY,0,999,Years,366.42,2025-03-01,461.69,2025-03-01,,RH,,2025-03-01,PRCR604C,HOSPITAL OUTPATIENT IMAGING SERVICES
74018,4,RADIOLOGY,0,999,Years,30.40,2025-03-01,109.09,2025-03-01,,RH,,2025-03-01,PRCR604C,HOSPITAL OUTPATIENT IMAGING SERVICES
74019,4,RADIOLOGY,0,999,Years,36.75,2025-03-01,131.99,2025-03-01,,RH,,2025-03-01,PRCR604C,HOSPITAL OUTPATIENT IMAGING SERVICES
74021,4,RADIOLOGY,0,999,Years,43.10,2023-09-01,131.99,2025-03-01,,RH,,2025-03-01,PRCR604C,HOSPITAL OUTPATIENT IMAGING SERVICES
74022,4,RADIOLOGY,0,999,Years,50.13,2023-09-01,131.99,2025-03-01,,RH,,2025-03-01,PRCR604C,HOSPITAL OUTPATIENT IMAGING SERVICES
74150,4,RADIOLOGY,0,999,Years,104.75,2025-03-01,131.99,2025-03-01,,RH,,2025-03-01,PRCR604C,HOSPITAL OUTPATIENT IMAGING SERVICES
74160,4,RADIOLOGY,0,999,Years,175.06,2025-03-01,220.58,2025-03-01,,RH,,2025-03-01,PRCR604C,HOSPITAL OUTPATIENT IMAGING SERVICES
74170,4,RADIOLOGY,0,999,Years,175.06,2025-03-01,220.58,2025-03-01,,RH,,2025-03-01,PRCR604C,HOSPITAL OUTPATIENT IMAGING SERVICES
74174,4,RADIOLOGY,0,999,Years,366.42,2025-03-01,461.69,2025-03-01,HP,RH,,2025-03-01,PRCR604C,HOSPITAL OUTPATIENT IMAGING SERVICES
74175,4,RADIOLOGY,0,999,Years,175.06,2025-03-01,220.58,2025-03-01,HP,RH,,2025-03-01,PRCR604C,HOSPITAL OUTPATIENT IMAGING SERVICES
74176,4,RADIOLOGY,0,999,Years,188.11,2025-03-01,294.17,2025-03-01,,RH,,2025-03-01,PRCR604C,HOSPITAL OUTPATIENT IMAGING SERVICES
74177,4,RADIOLOGY,0,999,Years,312.08,2025-03-01,461.69,2025-03-01,,RH,,2025-03-01,PRCR604C,HOSPITAL OUTPATIENT IMAGING SERVICES
74178,4,RADIOLOGY,0,999,Years,350.18,2025-03-01,461.69,2025-03-01,,RH,,2025-03-01,PRCR604C,HOSPITAL OUTPATIENT IMAGING SERVICES
74181,4,RADIOLOGY,0,999,Years,201.81,2025-03-01,294.17,2025-03-01,,RH,,2025-03-01,PRCR604C,HOSPITAL OUTPATIENT IMAGING SERVICES
74182,4,RADIOLOGY,0,999,Years,311.75,2025-03-01,461.69,2025-03-01,,RH,,2025-03-01,PRCR604C,HOSPITAL OUTPATIENT IMAGING SERVICES
74183,4,RADIOLOGY,0,999,Years,348.50,2025-03-01,461.69,2025-03-01,,RH,,2025-03-01,PRCR604C,HOSPITAL OUTPATIENT IMAGING SERVICES
74190,4,RADIOLOGY,0,999,Years,81.04,2023-09-01,662.29,2025-03-01,,RH,,2025-03-01,PRCR604C,HOSPITAL OUTPATIENT IMAGING SERVICES
74210,4,RADIOLOGY,0,999,Years,94.89,2025-03-01,220.58,2025-03-01,,RH,,2025-03-01,PRCR604C,HOSPITAL OUTPATIENT IMAGING SERVICES
74220,4,RADIOLOGY,0,999,Years,97.56,2025-03-01,220.58,2025-03-01,,RH,,2025-03-01,PRCR604C,HOSPITAL OUTPATIENT IMAGING SERVICES
74221,4,RADIOLOGY,0,999,Years,109.93,2025-03-01,220.58,2025-03-01,,RH,,2025-03-01,PRCR604C,HOSPITAL OUTPATIENT IMAGING SERVICES
74230,4,RADIOLOGY,0,999,Years,124.96,2025-03-01,220.58,2025-03-01,,RH,,2025-03-01,PRCR604C,HOSPITAL OUTPATIENT IMAGING SERVICES
74240,4,RADIOLOGY,0,999,Years,122.96,2025-03-01,220.58,2025-03-01,,RH,,2025-03-01,PRCR604C,HOSPITAL OUTPATIENT IMAGING SERVICES
74246,4,RADIOLOGY,0,999,Years,139.34,2025-03-01,220.58,2025-03-01,,RH,,2025-03-01,PRCR604C,HOSPITAL OUTPATIENT IMAGING SERVICES
74248,4,RADIOLOGY,0,999,Years,82.53,2025-03-01,83.70,2025-03-01,,RH,,2025-03-01,PRCR604C,HOSPITAL OUTPATIENT IMAGING SERVICES
74250,4,RADIOLOGY,0,999,Years,121.96,2025-03-01,220.58,2025-03-01,,RH,,2025-03-01,PRCR604C,HOSPITAL OUTPATIENT IMAGING SERVICES
74251,4,RADIOLOGY,0,999,Years,175.06,2025-03-01,220.58,2025-03-01,,RH,,2025-03-01,PRCR604C,HOSPITAL OUTPATIENT IMAGING SERVICES
74261,4,RADIOLOGY,0,999,Years,104.75,2025-03-01,131.99,2025-03-01,,RH,,2025-03-01,PRCR604C,HOSPITAL OUTPATIENT IMAGING SERVICES
74262,4,RADIOLOGY,0,999,Years,175.06,2025-03-01,220.58,2025-03-01,,RH,,2025-03-01,PRCR604C,HOSPITAL OUTPATIENT IMAGING SERVICES
74270,4,RADIOLOGY,0,999,Years,153.70,2025-03-01,220.58,2025-03-01,,RH,,2025-03-01,PRCR604C,HOSPITAL OUTPATIENT IMAGING SERVICES
74280,4,RADIOLOGY,0,999,Years,175.06,2025-03-01,220.58,2025-03-01,,RH,,2025-03-01,PRCR604C,HOSPITAL OUTPATIENT IMAGING SERVICES
74283,4,RADIOLOGY,0,999,Years,175.06,2025-03-01,220.58,2025-03-01,,RH,,2025-03-01,PRCR604C,HOSPITAL OUTPATIENT IMAGING SERVICES
74290,4,RADIOLOGY,0,999,Years,85.20,2025-03-01,220.58,2025-03-01,,RH,,2025-03-01,PRCR604C,HOSPITAL OUTPATIENT IMAGING SERVICES
74400,4,RADIOLOGY,0,999,Years,135.33,2025-03-01,220.58,2025-03-01,,RH,,2025-03-01,PRCR604C,HOSPITAL OUTPATIENT IMAGING SERVICES
74410,4,RADIOLOGY,0,999,Years,142.00,2023-09-01,220.58,2025-03-01,,RH,,2025-03-01,PRCR604C,HOSPITAL OUTPATIENT IMAGING SERVICES
74415,4,RADIOLOGY,0,999,Years,151.36,2025-03-01,220.58,2025-03-01,,RH,,2025-03-01,PRCR604C,HOSPITAL OUTPATIENT IMAGING SERVICES
74420,4,RADIOLOGY,0,999,Years,78.19,2025-03-01,461.69,2025-03-01,,RH,,2025-03-01,PRCR604C,HOSPITAL OUTPATIENT IMAGING SERVICES
74425,4,RADIOLOGY,0,999,Years,135.99,2025-03-01,461.69,2025-03-01,,RH,,2025-03-01,PRCR604C,HOSPITAL OUTPATIENT IMAGING SERVICES
74430,4,RADIOLOGY,0,999,Years,41.44,2023-09-01,461.69,2025-03-01,,RH,,2025-03-01,PRCR604C,HOSPITAL OUTPATIENT IMAGING SERVICES
74440,4,RADIOLOGY,0,999,Years,97.56,2023-09-01,294.17,2025-03-01,,RH,,2025-03-01,PRCR604C,HOSPITAL OUTPATIENT IMAGING SERVICES
74445,4,RADIOLOGY,0,999,Years,104.75,2025-03-01,131.99,2025-03-01,,RH,,2025-03-01,PRCR604C,HOSPITAL OUTPATIENT IMAGING SERVICES
74450,4,RADIOLOGY,0,999,Years,81.38,2023-09-01,294.17,2025-03-01,,RH,,2025-03-01,PRCR604C,HOSPITAL OUTPATIENT IMAGING SERVICES
74455,4,RADIOLOGY,0,999,Years,104.25,2025-03-01,294.17,2025-03-01,,RH,,2025-03-01,PRCR604C,HOSPITAL OUTPATIENT IMAGING SERVICES
74470,4,RADIOLOGY,0,999,Years,81.35,2023-09-01,662.29,2025-03-01,,RH,,2025-03-01,PRCR604C,HOSPITAL OUTPATIENT IMAGING SERVICES
74485,4,RADIOLOGY,0,999,Years,119.63,2023-09-01,2445.23,2025-03-01,,RH,,2025-03-01,PRCR604C,HOSPITAL OUTPATIENT IMAGING SERVICES
74712,4,RADIOLOGY,10,55,Years,233.47,2025-03-01,294.17,2025-03-01,,RH,,2025-03-01,PRCR604C,HOSPITAL OUTPATIENT IMAGING SERVICES
74713,4,RADIOLOGY,10,55,Years,204.49,2025-03-01,207.39,2025-03-01,,RH,,2025-03-01,PRCR604C,HOSPITAL OUTPATIENT IMAGING SERVICES
74740,4,RADIOLOGY,0,999,Years,66.83,2013-09-01,289.96,2021-09-01,,RH,,2021-09-01,PRCR604C,HOSPITAL OUTPATIENT IMAGING SERVICES
74775,4,RADIOLOGY,0,20,Years,233.47,2025-03-01,294.17,2025-03-01,,RH,,2025-03-01,PRCR604C,HOSPITAL OUTPATIENT IMAGING SERVICES
75557,4,RADIOLOGY,0,999,Years,233.47,2025-03-01,294.17,2025-03-01,,RH,,2025-03-01,PRCR604C,HOSPITAL OUTPATIENT IMAGING SERVICES
75559,4,RADIOLOGY,0,999,Years,385.59,2025-03-01,662.29,2025-03-01,,RH,,2025-03-01,PRCR604C,HOSPITAL OUTPATIENT IMAGING SERVICES
75561,4,RADIOLOGY,0,999,Years,366.42,2025-03-01,461.69,2025-03-01,,RH,,2025-03-01,PRCR604C,HOSPITAL OUTPATIENT IMAGING SERVICES
75563,4,RADIOLOGY,0,999,Years,436.71,2025-03-01,961.23,2025-03-01,,RH,,2025-03-01,PRCR604C,HOSPITAL OUTPATIENT IMAGING SERVICES
75571,4,RADIOLOGY,0,999,Years,86.58,2025-03-01,109.09,2025-03-01,HP,RH,,2025-03-01,PRCR604C,HOSPITAL OUTPATIENT IMAGING SERVICES
75572,4,RADIOLOGY,0,999,Years,175.06,2025-03-01,220.58,2025-03-01,,RH,,2025-03-01,PRCR604C,HOSPITAL OUTPATIENT IMAGING SERVICES
75573,4,RADIOLOGY,0,999,Years,175.06,2025-03-01,220.58,2025-03-01,,RH,,2025-03-01,PRCR604C,HOSPITAL OUTPATIENT IMAGING SERVICES
75574,4,RADIOLOGY,0,999,Years,175.06,2025-03-01,220.58,2025-03-01,HP,RH,,2025-03-01,PRCR604C,HOSPITAL OUTPATIENT IMAGING SERVICES
75600,4,RADIOLOGY,0,999,Years,182.78,2025-03-01,3826.63,2025-03-01,,RH,,2025-03-01,PRCR604C,HOSPITAL OUTPATIENT IMAGING SERVICES
75605,4,RADIOLOGY,0,999,Years,120.95,2025-03-01,6597.26,2025-03-01,,RH,,2025-03-01,PRCR604C,HOSPITAL OUTPATIENT IMAGING SERVICES
75625,4,RADIOLOGY,0,999,Years,126.64,2025-03-01,3826.63,2025-03-01,,RH,,2025-03-01,PRCR604C,HOSPITAL OUTPATIENT IMAGING SERVICES
75630,4,RADIOLOGY,0,999,Years,157.04,2025-03-01,3826.63,2025-03-01,,RH,,2025-03-01,PRCR604C,HOSPITAL OUTPATIENT IMAGING SERVICES
75635,4,RADIOLOGY,0,999,Years,175.06,2025-03-01,220.58,2025-03-01,HP,RH,,2025-03-01,PRCR604C,HOSPITAL OUTPATIENT IMAGING SERVICES
75705,4,RADIOLOGY,0,999,Years,250.94,2025-03-01,6597.26,2025-03-01,,RH,,2025-03-01,PRCR604C,HOSPITAL OUTPATIENT IMAGING SERVICES
75710,4,RADIOLOGY,0,999,Years,150.36,2023-09-01,3826.63,2025-03-01,,RH,,2025-03-01,PRCR604C,HOSPITAL OUTPATIENT IMAGING SERVICES
75716,4,RADIOLOGY,0,999,Years,163.05,2025-03-01,3826.63,2025-03-01,HP,RH,,2025-03-01,PRCR604C,HOSPITAL OUTPATIENT IMAGING SERVICES
75726,4,RADIOLOGY,0,999,Years,170.08,2025-03-01,6597.26,2025-03-01,,RH,,2025-03-01,PRCR604C,HOSPITAL OUTPATIENT IMAGING SERVICES
75731,4,RADIOLOGY,0,999,Years,153.70,2025-03-01,3826.63,2025-03-01,,RH,,2025-03-01,PRCR604C,HOSPITAL OUTPATIENT IMAGING SERVICES
75733,4,RADIOLOGY,0,999,Years,172.75,2025-03-01,3826.63,2025-03-01,,RH,,2025-03-01,PRCR604C,HOSPITAL OUTPATIENT IMAGING SERVICES
75736,4,RADIOLOGY,0,999,Years,143.68,2025-03-01,6597.26,2025-03-01,HP,RH,,2025-03-01,PRCR604C,HOSPITAL OUTPATIENT IMAGING SERVICES
75741,4,RADIOLOGY,0,999,Years,129.98,2025-03-01,3826.63,2025-03-01,,RH,,2025-03-01,PRCR604C,HOSPITAL OUTPATIENT IMAGING SERVICES
75743,4,RADIOLOGY,0,999,Years,147.69,2025-03-01,3826.63,2025-03-01,,RH,,2025-03-01,PRCR604C,HOSPITAL OUTPATIENT IMAGING SERVICES
75746,4,RADIOLOGY,0,999,Years,134.99,2023-09-01,3826.63,2025-03-01,,RH,,2025-03-01,PRCR604C,HOSPITAL OUTPATIENT IMAGING SERVICES
75756,4,RADIOLOGY,0,999,Years,165.40,2025-03-01,3826.63,2025-03-01,,RH,,2025-03-01,PRCR604C,HOSPITAL OUTPATIENT IMAGING SERVICES
75801,4,RADIOLOGY,0,999,Years,284.65,2023-09-01,754.17,2025-03-01,,RH,,2025-03-01,PRCR604C,HOSPITAL OUTPATIENT IMAGING SERVICES
75803,4,RADIOLOGY,0,999,Years,299.60,2023-09-01,1922.67,2025-03-01,,RH,,2025-03-01,PRCR604C,HOSPITAL OUTPATIENT IMAGING SERVICES
75805,4,RADIOLOGY,0,999,Years,313.39,2023-09-01,3826.63,2025-03-01,,RH,,2025-03-01,PRCR604C,HOSPITAL OUTPATIENT IMAGING SERVICES
75807,4,RADIOLOGY,0,999,Years,146.54,2023-09-01,3826.63,2025-03-01,,RH,,2025-03-01,PRCR604C,HOSPITAL OUTPATIENT IMAGING SERVICES
75809,4,RADIOLOGY,0,999,Years,81.86,2025-03-01,131.99,2025-03-01,,RH,,2025-03-01,PRCR604C,HOSPITAL OUTPATIENT IMAGING SERVICES
75810,4,RADIOLOGY,0,999,Years,612.59,2023-09-01,3826.63,2025-03-01,,RH,,2025-03-01,PRCR604C,HOSPITAL OUTPATIENT IMAGING SERVICES
75820,4,RADIOLOGY,0,999,Years,107.93,2025-03-01,1922.67,2025-03-01,,RH,,2025-03-01,PRCR604C,HOSPITAL OUTPATIENT IMAGING SERVICES
75822,4,RADIOLOGY,0,999,Years,133.65,2025-03-01,1922.67,2025-03-01,,RH,,2025-03-01,PRCR604C,HOSPITAL OUTPATIENT IMAGING SERVICES
75825,4,RADIOLOGY,0,999,Years,114.28,2023-09-01,3826.63,2025-03-01,,RH,,2025-03-01,PRCR604C,HOSPITAL OUTPATIENT IMAGING SERVICES
75827,4,RADIOLOGY,0,999,Years,118.95,2025-03-01,1922.67,2025-03-01,,RH,,2025-03-01,PRCR604C,HOSPITAL OUTPATIENT IMAGING SERVICES
75831,4,RADIOLOGY,0,999,Years,119.63,2025-03-01,3826.63,2025-03-01,,RH,,2025-03-01,PRCR604C,HOSPITAL OUTPATIENT IMAGING SERVICES
75833,4,RADIOLOGY,0,999,Years,148.35,2025-03-01,3826.63,2025-03-01,,RH,,2025-03-01,PRCR604C,HOSPITAL OUTPATIENT IMAGING SERVICES
75840,4,RADIOLOGY,0,999,Years,128.64,2025-03-01,3826.63,2025-03-01,,RH,,2025-03-01,PRCR604C,HOSPITAL OUTPATIENT IMAGING SERVICES
75860,4,RADIOLOGY,0,999,Years,125.64,2025-03-01,3826.63,2025-03-01,,RH,,2025-03-01,PRCR604C,HOSPITAL OUTPATIENT IMAGING SERVICES
75870,4,RADIOLOGY,0,999,Years,155.70,2025-03-01,3826.63,2025-03-01,,RH,,2025-03-01,PRCR604C,HOSPITAL OUTPATIENT IMAGING SERVICES
75872,4,RADIOLOGY,0,999,Years,128.64,2025-03-01,754.17,2025-03-01,,RH,,2025-03-01,PRCR604C,HOSPITAL OUTPATIENT IMAGING SERVICES
75880,4,RADIOLOGY,0,999,Years,107.93,2025-03-01,754.17,2025-03-01,,RH,,2025-03-01,PRCR604C,HOSPITAL OUTPATIENT IMAGING SERVICES
75885,4,RADIOLOGY,0,999,Years,136.66,2023-09-01,3826.63,2025-03-01,,RH,,2025-03-01,PRCR604C,HOSPITAL OUTPATIENT IMAGING SERVICES
75887,4,RADIOLOGY,0,999,Years,137.66,2025-03-01,3826.63,2025-03-01,,RH,,2025-03-01,PRCR604C,HOSPITAL OUTPATIENT IMAGING SERVICES
75889,4,RADIOLOGY,0,999,Years,123.63,2025-03-01,3826.63,2025-03-01,,RH,,2025-03-01,PRCR604C,HOSPITAL OUTPATIENT IMAGING SERVICES
75891,4,RADIOLOGY,0,999,Years,124.30,2025-03-01,3826.63,2025-03-01,,RH,,2025-03-01,PRCR604C,HOSPITAL OUTPATIENT IMAGING SERVICES
75893,4,RADIOLOGY,0,999,Years,105.25,2025-03-01,6597.26,2025-03-01,,RH,,2025-03-01,PRCR604C,HOSPITAL OUTPATIENT IMAGING SERVICES
75898,4,RADIOLOGY,0,999,Years,133.71,2023-09-01,3826.63,2025-03-01,,RH,,2025-03-01,PRCR604C,HOSPITAL OUTPATIENT IMAGING SERVICES
76000,4,RADIOLOGY,0,999,Years,42.78,2025-03-01,294.17,2025-03-01,,RH,,2025-03-01,PRCR604C,HOSPITAL OUTPATIENT IMAGING SERVICES
76010,4,RADIOLOGY,0,20,Years,86.58,2025-03-01,109.09,2025-03-01,,RH,,2025-03-01,PRCR604C,HOSPITAL OUTPATIENT IMAGING SERVICES
76014,4,RADIOLOGY,0,999,Years,24.49,2025-04-01,30.86,2025-04-01,,RH,,2026-03-01,PRCR604C,HOSPITAL OUTPATIENT IMAGING SERVICES
76015,4,RADIOLOGY,0,999,Years,48.98,2025-04-01,61.71,2025-04-01,,RH,,2026-03-01,PRCR604C,HOSPITAL OUTPATIENT IMAGING SERVICES
76080,4,RADIOLOGY,0,999,Years,59.81,2025-03-01,662.29,2025-03-01,,RH,,2025-03-01,PRCR604C,HOSPITAL OUTPATIENT IMAGING SERVICES
76098,4,RADIOLOGY,0,999,Years,42.78,2025-03-01,662.29,2025-03-01,,RH,,2025-03-01,PRCR604C,HOSPITAL OUTPATIENT IMAGING SERVICES
76100,4,RADIOLOGY,0,999,Years,89.55,2025-03-01,131.99,2025-03-01,,RH,,2025-03-01,PRCR604C,HOSPITAL OUTPATIENT IMAGING SERVICES
76120,4,RADIOLOGY,0,999,Years,104.75,2025-03-01,131.99,2025-03-01,,RH,,2025-03-01,PRCR604C,HOSPITAL OUTPATIENT IMAGING SERVICES
76380,4,RADIOLOGY,0,999,Years,86.58,2025-03-01,109.09,2025-03-01,,RH,,2025-03-01,PRCR604C,HOSPITAL OUTPATIENT IMAGING SERVICES
76391,4,RADIOLOGY,0,999,Years,207.16,2025-03-01,294.17,2025-03-01,,RH,,2025-03-01,PRCR604C,HOSPITAL OUTPATIENT IMAGING SERVICES
76496,4,RADIOLOGY,0,999,Years,86.58,2025-03-01,109.09,2025-03-01,,RH,,2025-03-01,PRCR604C,HOSPITAL OUTPATIENT IMAGING SERVICES
76497,4,RADIOLOGY,0,999,Years,86.58,2025-03-01,109.09,2025-03-01,,RH,,2025-03-01,PRCR604C,HOSPITAL OUTPATIENT IMAGING SERVICES
76498,4,RADIOLOGY,0,999,Years,86.58,2025-03-01,109.09,2025-03-01,,RH,,2025-03-01,PRCR604C,HOSPITAL OUTPATIENT IMAGING SERVICES
76499,4,RADIOLOGY,0,999,Years,86.58,2025-03-01,109.09,2025-03-01,,RH,,2025-03-01,PRCR604C,HOSPITAL OUTPATIENT IMAGING SERVICES
76506,4,RADIOLOGY,0,999,Years,104.75,2025-03-01,131.99,2025-03-01,,RH,,2025-03-01,PRCR604C,HOSPITAL OUTPATIENT IMAGING SERVICES
76510,4,RADIOLOGY,0,999,Years,68.83,2023-09-01,153.35,2025-03-01,,RH,,2025-03-01,PRCR604C,HOSPITAL OUTPATIENT IMAGING SERVICES
76511,4,RADIOLOGY,0,999,Years,57.14,2025-03-01,131.99,2025-03-01,,RH,,2025-03-01,PRCR604C,HOSPITAL OUTPATIENT IMAGING SERVICES
76512,4,RADIOLOGY,0,999,Years,48.11,2025-03-01,131.99,2025-03-01,,RH,,2025-03-01,PRCR604C,HOSPITAL OUTPATIENT IMAGING SERVICES
76513,4,RADIOLOGY,0,999,Years,75.18,2025-03-01,131.99,2025-03-01,,RH,,2025-03-01,PRCR604C,HOSPITAL OUTPATIENT IMAGING SERVICES
76514,4,RADIOLOGY,0,999,Years,11.36,2023-09-01,35.75,2025-03-01,,RH,,2025-03-01,PRCR604C,HOSPITAL OUTPATIENT IMAGING SERVICES
76516,4,RADIOLOGY,0,999,Years,46.78,2025-03-01,131.99,2025-03-01,,RH,,2025-03-01,PRCR604C,HOSPITAL OUTPATIENT IMAGING SERVICES
76519,4,RADIOLOGY,0,999,Years,68.16,2025-03-01,131.99,2025-03-01,,RH,,2025-03-01,PRCR604C,HOSPITAL OUTPATIENT IMAGING SERVICES
76529,4,RADIOLOGY,0,999,Years,85.88,2025-03-01,109.09,2025-03-01,,RH,,2025-03-01,PRCR604C,HOSPITAL OUTPATIENT IMAGING SERVICES
76536,4,RADIOLOGY,0,999,Years,104.75,2025-03-01,131.99,2025-03-01,,RH,,2025-03-01,PRCR604C,HOSPITAL OUTPATIENT IMAGING SERVICES
76604,4,RADIOLOGY,0,999,Years,57.14,2025-03-01,131.99,2025-03-01,,RH,,2025-03-01,PRCR604C,HOSPITAL OUTPATIENT IMAGING SERVICES
76641,4,RADIOLOGY,0,999,Years,102.91,2025-03-01,131.99,2025-03-01,,RH,,2025-03-01,PRCR604C,HOSPITAL OUTPATIENT IMAGING SERVICES
76642,4,RADIOLOGY,0,999,Years,85.20,2025-03-01,109.09,2025-03-01,,RH,,2025-03-01,PRCR604C,HOSPITAL OUTPATIENT IMAGING SERVICES
76700,4,RADIOLOGY,0,999,Years,104.75,2025-03-01,131.99,2025-03-01,,RH,,2025-03-01,PRCR604C,HOSPITAL OUTPATIENT IMAGING SERVICES
76705,4,RADIOLOGY,0,999,Years,87.21,2025-03-01,131.99,2025-03-01,,RH,,2025-03-01,PRCR604C,HOSPITAL OUTPATIENT IMAGING SERVICES
76706,4,RADIOLOGY,0,999,Years,104.75,2025-03-01,131.99,2025-03-01,,RH,,2025-03-01,PRCR604C,HOSPITAL OUTPATIENT IMAGING SERVICES
76770,4,RADIOLOGY,0,999,Years,104.75,2025-03-01,131.99,2025-03-01,,RH,,2025-03-01,PRCR604C,HOSPITAL OUTPATIENT IMAGING SERVICES
76775,4,RADIOLOGY,0,999,Years,59.81,2025-03-01,131.99,2025-03-01,,RH,,2025-03-01,PRCR604C,HOSPITAL OUTPATIENT IMAGING SERVICES
76776,4,RADIOLOGY,0,999,Years,104.75,2025-03-01,131.99,2025-03-01,,RH,,2025-03-01,PRCR604C,HOSPITAL OUTPATIENT IMAGING SERVICES
76800,4,RADIOLOGY,0,999,Years,104.75,2025-03-01,131.99,2025-03-01,,RH,,2025-03-01,PRCR604C,HOSPITAL OUTPATIENT IMAGING SERVICES
76801,4,RADIOLOGY,10,55,Years,104.75,2025-03-01,131.99,2025-03-01,,RH,,2025-09-01,PRCR604C,HOSPITAL OUTPATIENT IMAGING SERVICES
76802,4,RADIOLOGY,10,55,Years,60.14,2025-03-01,61.00,2025-03-01,,RH,,2025-09-01,PRCR604C,HOSPITAL OUTPATIENT IMAGING SERVICES
76805,4,RADIOLOGY,10,55,Years,104.75,2025-03-01,131.99,2025-03-01,,RH,,2025-09-01,PRCR604C,HOSPITAL OUTPATIENT IMAGING SERVICES
76810,4,RADIOLOGY,10,55,Years,87.54,2025-03-01,88.78,2025-03-01,,RH,,2025-09-01,PRCR604C,HOSPITAL OUTPATIENT IMAGING SERVICES
76811,4,RADIOLOGY,10,55,Years,177.76,2025-03-01,294.17,2025-03-01,,RH,,2025-09-01,PRCR604C,HOSPITAL OUTPATIENT IMAGING SERVICES
76812,4,RADIOLOGY,10,55,Years,192.13,2023-09-01,194.85,2025-03-01,,RH,,2025-09-01,PRCR604C,HOSPITAL OUTPATIENT IMAGING SERVICES
76813,4,RADIOLOGY,10,55,Years,104.75,2025-03-01,131.99,2025-03-01,,RH,,2025-09-01,PRCR604C,HOSPITAL OUTPATIENT IMAGING SERVICES
76814,4,RADIOLOGY,10,55,Years,74.51,2025-03-01,75.57,2025-03-01,,RH,,2025-09-01,PRCR604C,HOSPITAL OUTPATIENT IMAGING SERVICES
76815,4,RADIOLOGY,10,55,Years,81.20,2025-03-01,131.99,2025-03-01,,RH,,2025-09-01,PRCR604C,HOSPITAL OUTPATIENT IMAGING SERVICES
76816,4,RADIOLOGY,10,55,Years,104.75,2025-03-01,131.99,2025-03-01,,RH,,2025-09-01,PRCR604C,HOSPITAL OUTPATIENT IMAGING SERVICES
76817,4,RADIOLOGY,10,55,Years,92.89,2025-03-01,131.99,2025-03-01,,RH,,2025-09-01,PRCR604C,HOSPITAL OUTPATIENT IMAGING SERVICES
76818,4,RADIOLOGY,10,55,Years,104.75,2025-03-01,131.99,2025-03-01,,RH,,2025-09-01,PRCR604C,HOSPITAL OUTPATIENT IMAGING SERVICES
76819,4,RADIOLOGY,10,55,Years,85.88,2025-03-01,131.99,2025-03-01,,RH,,2025-09-01,PRCR604C,HOSPITAL OUTPATIENT IMAGING SERVICES
76820,4,RADIOLOGY,10,55,Years,44.78,2023-09-01,131.99,2025-03-01,,RH,,2025-09-01,PRCR604C,HOSPITAL OUTPATIENT IMAGING SERVICES
76821,4,RADIOLOGY,10,55,Years,89.21,2025-03-01,131.99,2025-03-01,,RH,,2025-09-01,PRCR604C,HOSPITAL OUTPATIENT IMAGING SERVICES
76825,4,RADIOLOGY,10,55,Years,262.29,2025-03-01,662.29,2025-03-01,,RH,,2025-09-01,PRCR604C,HOSPITAL OUTPATIENT IMAGING SERVICES
76826,4,RADIOLOGY,10,55,Years,157.04,2025-03-01,294.17,2025-03-01,,RH,,2025-09-01,PRCR604C,HOSPITAL OUTPATIENT IMAGING SERVICES
76827,4,RADIOLOGY,10,55,Years,70.16,2025-03-01,131.99,2025-03-01,,RH,,2025-09-01,PRCR604C,HOSPITAL OUTPATIENT IMAGING SERVICES
76828,4,RADIOLOGY,10,55,Years,48.79,2025-03-01,131.99,2025-03-01,,RH,,2025-09-01,PRCR604C,HOSPITAL OUTPATIENT IMAGING SERVICES
76830,4,RADIOLOGY,0,999,Years,104.75,2025-03-01,131.99,2025-03-01,,RH,,2025-03-01,PRCR604C,HOSPITAL OUTPATIENT IMAGING SERVICES
76831,4,RADIOLOGY,0,999,Years,116.61,2025-03-01,294.17,2025-03-01,,RH,,2025-03-01,PRCR604C,HOSPITAL OUTPATIENT IMAGING SERVICES
76856,4,RADIOLOGY,0,999,Years,96.28,2011-09-01,137.30,2021-09-01,,RH,,2021-09-01,PRCR604C,HOSPITAL OUTPATIENT IMAGING SERVICES
76857,4,RADIOLOGY,0,999,Years,50.79,2015-07-01,137.30,2021-09-01,,RH,,2021-09-01,PRCR604C,HOSPITAL OUTPATIENT IMAGING SERVICES
76870,4,RADIOLOGY,0,999,Years,100.24,2025-03-01,131.99,2025-03-01,,RH,,2025-03-01,PRCR604C,HOSPITAL OUTPATIENT IMAGING SERVICES
76872,4,RADIOLOGY,0,999,Years,104.75,2025-03-01,131.99,2025-03-01,,RH,,2025-03-01,PRCR604C,HOSPITAL OUTPATIENT IMAGING SERVICES
76873,4,RADIOLOGY,0,999,Years,104.75,2025-03-01,131.99,2025-03-01,,RH,,2025-03-01,PRCR604C,HOSPITAL OUTPATIENT IMAGING SERVICES
76881,4,RADIOLOGY,0,999,Years,96.28,2011-09-01,137.30,2021-09-01,,RH,,2021-09-01,PRCR604C,HOSPITAL OUTPATIENT IMAGING SERVICES
76882,4,RADIOLOGY,0,999,Years,30.35,2013-09-01,137.30,2021-09-01,,RH,,2021-09-01,PRCR604C,HOSPITAL OUTPATIENT IMAGING SERVICES
76883,4,RADIOLOGY,0,999,Years,71.50,2025-03-01,131.99,2025-03-01,,RH,,2025-03-01,PRCR604C,HOSPITAL OUTPATIENT IMAGING SERVICES
76885,4,RADIOLOGY,0,365,Days,86.58,2025-03-01,109.09,2025-03-01,,RH,,2025-03-01,PRCR604C,HOSPITAL OUTPATIENT IMAGING SERVICES
76886,4,RADIOLOGY,0,365,Days,86.58,2025-03-01,109.09,2025-03-01,,RH,,2025-03-01,PRCR604C,HOSPITAL OUTPATIENT IMAGING SERVICES
76936,4,RADIOLOGY,0,999,Years,260.96,2025-03-01,376.82,2025-03-01,,RH,,2025-03-01,PRCR604C,HOSPITAL OUTPATIENT IMAGING SERVICES
76975,4,RADIOLOGY,0,999,Years,110.35,2025-03-01,294.17,2025-03-01,,RH,,2025-03-01,PRCR604C,HOSPITAL OUTPATIENT IMAGING SERVICES
76977,4,RADIOLOGY,0,999,Years,7.35,2025-03-01,131.99,2025-03-01,,RH,,2025-03-01,PRCR604C,HOSPITAL OUTPATIENT IMAGING SERVICES
76978,4,RADIOLOGY,0,999,Years,175.06,2025-03-01,220.58,2025-03-01,,RH,,2025-03-01,PRCR604C,HOSPITAL OUTPATIENT IMAGING SERVICES
76979,4,RADIOLOGY,0,999,Years,143.01,2025-03-01,145.04,2025-03-01,,RH,,2025-03-01,PRCR604C,HOSPITAL OUTPATIENT IMAGING SERVICES
76981,4,RADIOLOGY,0,999,Years,104.59,2023-09-01,131.99,2025-03-01,,RH,,2025-03-01,PRCR604C,HOSPITAL OUTPATIENT IMAGING SERVICES
76982,4,RADIOLOGY,0,999,Years,93.56,2025-03-01,131.99,2025-03-01,,RH,,2025-03-01,PRCR604C,HOSPITAL OUTPATIENT IMAGING SERVICES
76983,4,RADIOLOGY,0,999,Years,61.81,2025-03-01,62.69,2025-03-01,,RH,,2025-03-01,PRCR604C,HOSPITAL OUTPATIENT IMAGING SERVICES
76999,4,RADIOLOGY,0,999,Years,86.58,2025-03-01,109.09,2025-03-01,,RH,,2025-03-01,PRCR604C,HOSPITAL OUTPATIENT IMAGING SERVICES
77053,4,RADIOLOGY,0,999,Years,54.13,2025-03-01,294.17,2025-03-01,,RH,,2025-03-01,PRCR604C,HOSPITAL OUTPATIENT IMAGING SERVICES
77054,4,RADIOLOGY,0,999,Years,69.50,2025-03-01,294.17,2025-03-01,,RH,,2025-03-01,PRCR604C,HOSPITAL OUTPATIENT IMAGING SERVICES
77063,4,RADIOLOGY,0,999,Years,52.46,2026-03-01,,,,,,2026-03-01,PRCR604C,HOSPITAL OUTPATIENT IMAGING SERVICES
77071,4,RADIOLOGY,0,999,Years,55.73,2025-03-01,109.09,2025-03-01,,RH,,2025-03-01,PRCR604C,HOSPITAL OUTPATIENT IMAGING SERVICES
77072,4,RADIOLOGY,0,999,Years,26.06,2023-09-01,131.99,2025-03-01,,RH,,2025-03-01,PRCR604C,HOSPITAL OUTPATIENT IMAGING SERVICES
77073,4,RADIOLOGY,0,999,Years,45.44,2025-03-01,131.99,2025-03-01,,RH,,2025-03-01,PRCR604C,HOSPITAL OUTPATIENT IMAGING SERVICES
77074,4,RADIOLOGY,0,999,Years,65.49,2025-03-01,131.99,2025-03-01,,RH,,2025-03-01,PRCR604C,HOSPITAL OUTPATIENT IMAGING SERVICES
77075,4,RADIOLOGY,0,999,Years,99.90,2025-03-01,131.99,2025-03-01,,RH,,2025-03-01,PRCR604C,HOSPITAL OUTPATIENT IMAGING SERVICES
77076,4,RADIOLOGY,0,365,Days,104.75,2025-03-01,131.99,2025-03-01,,RH,,2025-03-01,PRCR604C,HOSPITAL OUTPATIENT IMAGING SERVICES
77077,4,RADIOLOGY,0,999,Years,47.11,2023-09-01,131.99,2025-03-01,,RH,,2025-03-01,PRCR604C,HOSPITAL OUTPATIENT IMAGING SERVICES
77078,4,RADIOLOGY,0,999,Years,86.58,2025-03-01,109.09,2025-03-01,,RH,,2025-03-01,PRCR604C,HOSPITAL OUTPATIENT IMAGING SERVICES
77080,4,RADIOLOGY,0,999,Years,39.09,2025-03-01,131.99,2025-03-01,,RH,,2025-03-01,PRCR604C,HOSPITAL OUTPATIENT IMAGING SERVICES
77081,4,RADIOLOGY,0,999,Years,31.74,2025-03-01,109.09,2025-03-01,,RH,,2025-03-01,PRCR604C,HOSPITAL OUTPATIENT IMAGING SERVICES
77084,4,RADIOLOGY,0,999,Years,233.47,2025-03-01,294.17,2025-03-01,,RH,,2025-03-01,PRCR604C,HOSPITAL OUTPATIENT IMAGING SERVICES
77085,4,RADIOLOGY,0,999,Years,53.46,2025-03-01,131.99,2025-03-01,,RH,,2025-03-01,PRCR604C,HOSPITAL OUTPATIENT IMAGING SERVICES
77086,4,RADIOLOGY,0,999,Years,33.75,2025-03-01,109.09,2025-03-01,,RH,,2025-03-01,PRCR604C,HOSPITAL OUTPATIENT IMAGING SERVICES
78012,4,RADIOLOGY,0,999,Years,81.20,2025-03-01,495.14,2025-03-01,,RH,,2025-03-01,PRCR604C,HOSPITAL OUTPATIENT IMAGING SERVICES
78013,4,RADIOLOGY,0,999,Years,171.74,2025-03-01,495.14,2025-03-01,,RH,,2025-03-01,PRCR604C,HOSPITAL OUTPATIENT IMAGING SERVICES
78014,4,RADIOLOGY,0,999,Years,218.19,2025-03-01,495.14,2025-03-01,,RH,,2025-03-01,PRCR604C,HOSPITAL OUTPATIENT IMAGING SERVICES
78015,4,RADIOLOGY,0,999,Years,209.50,2026-03-01,506.31,2026-03-01,,RH,,2026-03-01,PRCR604C,HOSPITAL OUTPATIENT IMAGING SERVICES
78016,4,RADIOLOGY,0,999,Years,248.59,2026-03-01,506.31,2026-03-01,,RH,,2026-03-01,PRCR604C,HOSPITAL OUTPATIENT IMAGING SERVICES
78018,4,RADIOLOGY,0,999,Years,280.00,2026-03-01,678.22,2026-03-01,,RH,,2026-03-01,PRCR604C,HOSPITAL OUTPATIENT IMAGING SERVICES
78070,4,RADIOLOGY,0,999,Years,265.30,2026-03-01,506.31,2026-03-01,,RH,,2026-03-01,PRCR604C,HOSPITAL OUTPATIENT IMAGING SERVICES
78071,4,RADIOLOGY,0,999,Years,314.75,2026-03-01,506.31,2026-03-01,,RH,,2026-03-01,PRCR604C,HOSPITAL OUTPATIENT IMAGING SERVICES
78075,4,RADIOLOGY,0,999,Years,397.61,2026-03-01,1644.90,2026-03-01,,RH,,2026-03-01,PRCR604C,HOSPITAL OUTPATIENT IMAGING SERVICES
78099,4,RADIOLOGY,0,999,Years,0.00,2022-03-01,506.31,2026-03-01,5,RH,,2026-03-01,PRCR604C,HOSPITAL OUTPATIENT IMAGING SERVICES
78102,4,RADIOLOGY,0,999,Years,159.38,2026-03-01,506.31,2026-03-01,,RH,,2026-03-01,PRCR604C,HOSPITAL OUTPATIENT IMAGING SERVICES
78103,4,RADIOLOGY,0,999,Years,169.08,2026-03-01,506.31,2026-03-01,,RH,,2026-03-01,PRCR604C,HOSPITAL OUTPATIENT IMAGING SERVICES
78104,4,RADIOLOGY,0,999,Years,225.20,2026-03-01,506.31,2026-03-01,,RH,,2026-03-01,PRCR604C,HOSPITAL OUTPATIENT IMAGING SERVICES
78110,4,RADIOLOGY,0,999,Years,69.84,2026-03-01,1644.90,2026-03-01,,RH,,2026-03-01,PRCR604C,HOSPITAL OUTPATIENT IMAGING SERVICES
78111,4,RADIOLOGY,0,999,Years,91.89,2026-03-01,1644.90,2026-03-01,,RH,,2026-03-01,PRCR604C,HOSPITAL OUTPATIENT IMAGING SERVICES
78120,4,RADIOLOGY,0,999,Years,71.50,2026-03-01,506.31,2026-03-01,,RH,,2026-03-01,PRCR604C,HOSPITAL OUTPATIENT IMAGING SERVICES
78121,4,RADIOLOGY,0,999,Years,94.56,2026-03-01,678.22,2026-03-01,,RH,,2026-03-01,PRCR604C,HOSPITAL OUTPATIENT IMAGING SERVICES
78122,4,RADIOLOGY,0,999,Years,99.58,2026-03-01,678.22,2026-03-01,,RH,,2026-03-01,PRCR604C,HOSPITAL OUTPATIENT IMAGING SERVICES
78130,4,RADIOLOGY,0,999,Years,124.63,2026-03-01,506.31,2026-03-01,,RH,,2026-03-01,PRCR604C,HOSPITAL OUTPATIENT IMAGING SERVICES
78140,4,RADIOLOGY,0,999,Years,109.60,2026-03-01,506.31,2026-03-01,,RH,,2026-03-01,PRCR604C,HOSPITAL OUTPATIENT IMAGING SERVICES
78185,4,RADIOLOGY,0,999,Years,153.36,2026-03-01,506.31,2026-03-01,,RH,,2026-03-01,PRCR604C,HOSPITAL OUTPATIENT IMAGING SERVICES
78191,4,RADIOLOGY,0,999,Years,124.63,2026-03-01,506.31,2026-03-01,,RH,,2026-03-01,PRCR604C,HOSPITAL OUTPATIENT IMAGING SERVICES
78195,4,RADIOLOGY,0,999,Years,317.76,2026-03-01,678.22,2026-03-01,,RH,,2026-03-01,PRCR604C,HOSPITAL OUTPATIENT IMAGING SERVICES
78199,4,RADIOLOGY,0,999,Years,0.00,2022-03-01,506.31,2026-03-01,5,RH,,2026-03-01,PRCR604C,HOSPITAL OUTPATIENT IMAGING SERVICES
78201,4,RADIOLOGY,0,999,Years,175.43,2026-03-01,678.22,2026-03-01,,RH,,2026-03-01,PRCR604C,HOSPITAL OUTPATIENT IMAGING SERVICES
78202,4,RADIOLOGY,0,999,Years,194.80,2026-03-01,678.22,2026-03-01,,RH,,2026-03-01,PRCR604C,HOSPITAL OUTPATIENT IMAGING SERVICES
78215,4,RADIOLOGY,0,999,Years,180.10,2026-03-01,506.31,2026-03-01,,RH,,2026-03-01,PRCR604C,HOSPITAL OUTPATIENT IMAGING SERVICES
78216,4,RADIOLOGY,0,999,Years,135.99,2026-03-01,506.31,2026-03-01,,RH,,2026-03-01,PRCR604C,HOSPITAL OUTPATIENT IMAGING SERVICES
78226,4,RADIOLOGY,0,999,Years,290.70,2026-03-01,506.31,2026-03-01,,RH,,2026-03-01,PRCR604C,HOSPITAL OUTPATIENT IMAGING SERVICES
78227,4,RADIOLOGY,0,999,Years,390.26,2026-03-01,678.22,2026-03-01,,RH,,2026-03-01,PRCR604C,HOSPITAL OUTPATIENT IMAGING SERVICES
78230,4,RADIOLOGY,0,999,Years,162.39,2026-03-01,506.31,2026-03-01,,RH,,2026-03-01,PRCR604C,HOSPITAL OUTPATIENT IMAGING SERVICES
78231,4,RADIOLOGY,0,999,Years,104.25,2026-03-01,506.31,2026-03-01,,RH,,2026-03-01,PRCR604C,HOSPITAL OUTPATIENT IMAGING SERVICES
78232,4,RADIOLOGY,0,999,Years,102.58,2026-03-01,506.31,2026-03-01,,RH,,2026-03-01,PRCR604C,HOSPITAL OUTPATIENT IMAGING SERVICES
78258,4,RADIOLOGY,0,999,Years,196.80,2026-03-01,506.31,2026-03-01,,RH,,2026-03-01,PRCR604C,HOSPITAL OUTPATIENT IMAGING SERVICES
78261,4,RADIOLOGY,0,999,Years,181.76,2026-03-01,506.31,2026-03-01,,RH,,2026-03-01,PRCR604C,HOSPITAL OUTPATIENT IMAGING SERVICES
78262,4,RADIOLOGY,0,999,Years,223.20,2026-03-01,506.31,2026-03-01,,RH,,2026-03-01,PRCR604C,HOSPITAL OUTPATIENT IMAGING SERVICES
78264,4,RADIOLOGY,0,999,Years,296.71,2026-03-01,506.31,2026-03-01,,RH,,2026-03-01,PRCR604C,HOSPITAL OUTPATIENT IMAGING SERVICES
78265,4,RADIOLOGY,0,999,Years,353.51,2026-03-01,506.31,2026-03-01,,RH,,2026-03-01,PRCR604C,HOSPITAL OUTPATIENT IMAGING SERVICES
78266,4,RADIOLOGY,0,999,Years,397.61,2026-03-01,678.22,2026-03-01,,RH,,2026-03-01,PRCR604C,HOSPITAL OUTPATIENT IMAGING SERVICES
78278,4,RADIOLOGY,0,999,Years,313.08,2026-03-01,506.31,2026-03-01,,RH,,2026-03-01,PRCR604C,HOSPITAL OUTPATIENT IMAGING SERVICES
78282,4,RADIOLOGY,0,999,Years,66.81,2026-03-01,506.31,2026-03-01,,RH,,2026-03-01,PRCR604C,HOSPITAL OUTPATIENT IMAGING SERVICES
78290,4,RADIOLOGY,0,999,Years,295.70,2026-03-01,506.31,2026-03-01,,RH,,2026-03-01,PRCR604C,HOSPITAL OUTPATIENT IMAGING SERVICES
78291,4,RADIOLOGY,0,999,Years,238.58,2026-03-01,506.31,2026-03-01,,RH,,2026-03-01,PRCR604C,HOSPITAL OUTPATIENT IMAGING SERVICES
78299,4,RADIOLOGY,0,999,Years,0.00,2022-03-01,506.31,2026-03-01,5,RH,,2026-03-01,PRCR604C,HOSPITAL OUTPATIENT IMAGING SERVICES
78300,4,RADIOLOGY,0,999,Years,203.15,2026-03-01,506.31,2026-03-01,,RH,,2026-03-01,PRCR604C,HOSPITAL OUTPATIENT IMAGING SERVICES
78305,4,RADIOLOGY,0,999,Years,247.59,2026-03-01,506.31,2026-03-01,,RH,,2026-03-01,PRCR604C,HOSPITAL OUTPATIENT IMAGING SERVICES
78306,4,RADIOLOGY,0,999,Years,264.64,2026-03-01,506.31,2026-03-01,,RH,,2026-03-01,PRCR604C,HOSPITAL OUTPATIENT IMAGING SERVICES
78315,4,RADIOLOGY,0,999,Years,310.74,2026-03-01,506.31,2026-03-01,,RH,,2026-03-01,PRCR604C,HOSPITAL OUTPATIENT IMAGING SERVICES
78399,4,RADIOLOGY,0,999,Years,0.00,2022-03-01,506.31,2026-03-01,5,RH,,2026-03-01,PRCR604C,HOSPITAL OUTPATIENT IMAGING SERVICES
78414,4,RADIOLOGY,0,999,Years,156.38,2026-03-01,678.22,2026-03-01,,RH,,2026-03-01,PRCR604C,HOSPITAL OUTPATIENT IMAGING SERVICES
78428,4,RADIOLOGY,0,999,Years,171.08,2026-03-01,506.31,2026-03-01,,RH,,2026-03-01,PRCR604C,HOSPITAL OUTPATIENT IMAGING SERVICES
78445,4,RADIOLOGY,0,999,Years,171.74,2026-03-01,506.31,2026-03-01,,RH,,2026-03-01,PRCR604C,HOSPITAL OUTPATIENT IMAGING SERVICES
78451,4,RADIOLOGY,0,999,Years,306.74,2026-03-01,1644.90,2026-03-01,,RH,,2026-03-01,PRCR604C,HOSPITAL OUTPATIENT IMAGING SERVICES
78452,4,RADIOLOGY,0,999,Years,422.34,2026-03-01,1644.90,2026-03-01,,RH,,2026-03-01,PRCR604C,HOSPITAL OUTPATIENT IMAGING SERVICES
78453,4,RADIOLOGY,0,999,Years,264.30,2026-03-01,1644.90,2026-03-01,,RH,,2026-03-01,PRCR604C,HOSPITAL OUTPATIENT IMAGING SERVICES
78454,4,RADIOLOGY,0,999,Years,391.26,2026-03-01,1644.90,2026-03-01,,RH,,2026-03-01,PRCR604C,HOSPITAL OUTPATIENT IMAGING SERVICES
78456,4,RADIOLOGY,0,999,Years,281.68,2026-03-01,1644.90,2026-03-01,,RH,,2026-03-01,PRCR604C,HOSPITAL OUTPATIENT IMAGING SERVICES
78457,4,RADIOLOGY,0,999,Years,156.38,2026-03-01,678.22,2026-03-01,,RH,,2026-03-01,PRCR604C,HOSPITAL OUTPATIENT IMAGING SERVICES
78458,4,RADIOLOGY,0,999,Years,190.79,2026-03-01,506.31,2026-03-01,,RH,,2026-03-01,PRCR604C,HOSPITAL OUTPATIENT IMAGING SERVICES
78466,4,RADIOLOGY,0,999,Years,160.05,2026-03-01,506.31,2026-03-01,,RH,,2026-03-01,PRCR604C,HOSPITAL OUTPATIENT IMAGING SERVICES
78468,4,RADIOLOGY,0,999,Years,181.76,2026-03-01,678.22,2026-03-01,,RH,,2026-03-01,PRCR604C,HOSPITAL OUTPATIENT IMAGING SERVICES
78472,4,RADIOLOGY,0,999,Years,206.83,2026-03-01,506.31,2026-03-01,,RH,,2026-03-01,PRCR604C,HOSPITAL OUTPATIENT IMAGING SERVICES
78473,4,RADIOLOGY,0,999,Years,262.96,2026-03-01,506.31,2026-03-01,,RH,,2026-03-01,PRCR604C,HOSPITAL OUTPATIENT IMAGING SERVICES
78481,4,RADIOLOGY,0,999,Years,161.39,2026-03-01,678.22,2026-03-01,,RH,,2026-03-01,PRCR604C,HOSPITAL OUTPATIENT IMAGING SERVICES
78483,4,RADIOLOGY,0,999,Years,218.19,2026-03-01,678.22,2026-03-01,,RH,,2026-03-01,PRCR604C,HOSPITAL OUTPATIENT IMAGING SERVICES
78494,4,RADIOLOGY,0,999,Years,209.50,2026-03-01,506.31,2026-03-01,,RH,,2026-03-01,PRCR604C,HOSPITAL OUTPATIENT IMAGING SERVICES
78499,4,RADIOLOGY,0,999,Years,0.00,2022-03-01,506.31,2026-03-01,5,RH,,2026-03-01,PRCR604C,HOSPITAL OUTPATIENT IMAGING SERVICES
78579,4,RADIOLOGY,0,999,Years,169.08,2026-03-01,506.31,2026-03-01,,RH,,2026-03-01,PRCR604C,HOSPITAL OUTPATIENT IMAGING SERVICES
78580,4,RADIOLOGY,0,999,Years,213.51,2026-03-01,506.31,2026-03-01,,RH,,2026-03-01,PRCR604C,HOSPITAL OUTPATIENT IMAGING SERVICES
78582,4,RADIOLOGY,0,999,Years,297.04,2026-03-01,678.22,2026-03-01,,RH,,2026-03-01,PRCR604C,HOSPITAL OUTPATIENT IMAGING SERVICES
78597,4,RADIOLOGY,0,999,Years,181.76,2026-03-01,506.31,2026-03-01,,RH,,2026-03-01,PRCR604C,HOSPITAL OUTPATIENT IMAGING SERVICES
78598,4,RADIOLOGY,0,999,Years,269.31,2026-03-01,678.22,2026-03-01,,RH,,2026-03-01,PRCR604C,HOSPITAL OUTPATIENT IMAGING SERVICES
78599,4,RADIOLOGY,0,999,Years,0.00,2022-03-01,506.31,2026-03-01,5,RH,,2026-03-01,PRCR604C,HOSPITAL OUTPATIENT IMAGING SERVICES
78600,4,RADIOLOGY,0,999,Years,166.74,2026-03-01,506.31,2026-03-01,,RH,,2026-03-01,PRCR604C,HOSPITAL OUTPATIENT IMAGING SERVICES
78601,4,RADIOLOGY,0,999,Years,196.80,2026-03-01,506.31,2026-03-01,,RH,,2026-03-01,PRCR604C,HOSPITAL OUTPATIENT IMAGING SERVICES
78605,4,RADIOLOGY,0,999,Years,183.78,2026-03-01,678.22,2026-03-01,,RH,,2026-03-01,PRCR604C,HOSPITAL OUTPATIENT IMAGING SERVICES
78606,4,RADIOLOGY,0,999,Years,295.70,2026-03-01,678.22,2026-03-01,,RH,,2026-03-01,PRCR604C,HOSPITAL OUTPATIENT IMAGING SERVICES
78608,4,RADIOLOGY,0,999,Years,1458.59,2026-03-01,1837.82,2026-03-01,,RH,,2026-03-01,PRCR604C,HOSPITAL OUTPATIENT IMAGING SERVICES
78610,4,RADIOLOGY,0,999,Years,160.05,2026-03-01,678.22,2026-03-01,,RH,,2026-03-01,PRCR604C,HOSPITAL OUTPATIENT IMAGING SERVICES
78630,4,RADIOLOGY,0,999,Years,302.05,2026-03-01,678.22,2026-03-01,,RH,,2026-03-01,PRCR604C,HOSPITAL OUTPATIENT IMAGING SERVICES
78635,4,RADIOLOGY,0,999,Years,302.73,2026-03-01,678.22,2026-03-01,,RH,,2026-03-01,PRCR604C,HOSPITAL OUTPATIENT IMAGING SERVICES
78645,4,RADIOLOGY,0,999,Years,290.70,2026-03-01,678.22,2026-03-01,,RH,,2026-03-01,PRCR604C,HOSPITAL OUTPATIENT IMAGING SERVICES
78650,4,RADIOLOGY,0,999,Years,242.91,2026-03-01,1644.90,2026-03-01,,RH,,2026-03-01,PRCR604C,HOSPITAL OUTPATIENT IMAGING SERVICES
78660,4,RADIOLOGY,0,999,Years,131.65,2026-03-01,506.31,2026-03-01,,RH,,2026-03-01,PRCR604C,HOSPITAL OUTPATIENT IMAGING SERVICES
78699,4,RADIOLOGY,0,999,Years,0.00,2022-03-01,506.31,2026-03-01,5,RH,,2026-03-01,PRCR604C,HOSPITAL OUTPATIENT IMAGING SERVICES
78700,4,RADIOLOGY,0,999,Years,157.04,2026-03-01,506.31,2026-03-01,,RH,,2026-03-01,PRCR604C,HOSPITAL OUTPATIENT IMAGING SERVICES
78701,4,RADIOLOGY,0,999,Years,205.83,2026-03-01,506.31,2026-03-01,,RH,,2026-03-01,PRCR604C,HOSPITAL OUTPATIENT IMAGING SERVICES
78707,4,RADIOLOGY,0,999,Years,212.84,2026-03-01,678.22,2026-03-01,,RH,,2026-03-01,PRCR604C,HOSPITAL OUTPATIENT IMAGING SERVICES
78708,4,RADIOLOGY,0,999,Years,176.09,2026-03-01,678.22,2026-03-01,,RH,,2026-03-01,PRCR604C,HOSPITAL OUTPATIENT IMAGING SERVICES
78709,4,RADIOLOGY,0,999,Years,332.13,2026-03-01,678.22,2026-03-01,,RH,,2026-03-01,PRCR604C,HOSPITAL OUTPATIENT IMAGING SERVICES
78725,4,RADIOLOGY,0,999,Years,97.56,2026-03-01,506.31,2026-03-01,,RH,,2026-03-01,PRCR604C,HOSPITAL OUTPATIENT IMAGING SERVICES
78740,4,RADIOLOGY,0,999,Years,209.50,2026-03-01,506.31,2026-03-01,,RH,,2026-03-01,PRCR604C,HOSPITAL OUTPATIENT IMAGING SERVICES
78761,4,RADIOLOGY,0,999,Years,195.14,2026-03-01,506.31,2026-03-01,,RH,,2026-03-01,PRCR604C,HOSPITAL OUTPATIENT IMAGING SERVICES
78799,4,RADIOLOGY,0,999,Years,0.00,2022-03-01,506.31,2026-03-01,5,RH,,2026-03-01,PRCR604C,HOSPITAL OUTPATIENT IMAGING SERVICES
78800,4,RADIOLOGY,0,999,Years,228.55,2026-03-01,506.31,2026-03-01,,RH,,2026-03-01,PRCR604C,HOSPITAL OUTPATIENT IMAGING SERVICES
78801,4,RADIOLOGY,0,999,Years,244.59,2026-03-01,506.31,2026-03-01,,RH,,2026-03-01,PRCR604C,HOSPITAL OUTPATIENT IMAGING SERVICES
78802,4,RADIOLOGY,0,999,Years,275.66,2026-03-01,1644.90,2026-03-01,,RH,,2026-03-01,PRCR604C,HOSPITAL OUTPATIENT IMAGING SERVICES
78803,4,RADIOLOGY,0,999,Years,338.81,2026-03-01,1644.90,2026-03-01,,RH,,2026-03-01,PRCR604C,HOSPITAL OUTPATIENT IMAGING SERVICES
78804,4,RADIOLOGY,0,999,Years,571.03,2026-03-01,1644.90,2026-03-01,,RH,,2026-03-01,PRCR604C,HOSPITAL OUTPATIENT IMAGING SERVICES
78811,4,RADIOLOGY,0,999,Years,1305.48,2026-03-01,1644.90,2026-03-01,,RH,,2026-03-01,PRCR604C,HOSPITAL OUTPATIENT IMAGING SERVICES
78812,4,RADIOLOGY,0,999,Years,1458.59,2026-03-01,1837.82,2026-03-01,,RH,,2026-03-01,PRCR604C,HOSPITAL OUTPATIENT IMAGING SERVICES
78813,4,RADIOLOGY,0,999,Years,1458.59,2026-03-01,1837.82,2026-03-01,,RH,,2026-03-01,PRCR604C,HOSPITAL OUTPATIENT IMAGING SERVICES
78814,4,RADIOLOGY,0,999,Years,1458.59,2026-03-01,1837.82,2026-03-01,,RH,,2026-03-01,PRCR604C,HOSPITAL OUTPATIENT IMAGING SERVICES
78815,4,RADIOLOGY,0,999,Years,1458.59,2026-03-01,1837.82,2026-03-01,,RH,,2026-03-01,PRCR604C,HOSPITAL OUTPATIENT IMAGING SERVICES
78816,4,RADIOLOGY,0,999,Years,1458.59,2026-03-01,1837.82,2026-03-01,,RH,,2026-03-01,PRCR604C,HOSPITAL OUTPATIENT IMAGING SERVICES
78830,4,RADIOLOGY,0,999,Years,436.04,2025-03-01,1704.69,2025-03-01,,RH,,2025-03-01,PRCR604C,HOSPITAL OUTPATIENT IMAGING SERVICES
78831,4,RADIOLOGY,0,999,Years,652.23,2025-03-01,1704.69,2025-03-01,,RH,,2025-03-01,PRCR604C,HOSPITAL OUTPATIENT IMAGING SERVICES
78832,4,RADIOLOGY,0,999,Years,823.96,2025-03-01,1878.16,2025-03-01,,RH,,2025-03-01,PRCR604C,HOSPITAL OUTPATIENT IMAGING SERVICES
78835,4,RADIOLOGY,0,999,Years,89.21,2025-03-01,90.48,2025-03-01,,RH,,2025-03-01,PRCR604C,HOSPITAL OUTPATIENT IMAGING SERVICES
78999,4,RADIOLOGY,0,999,Years,0.00,2022-03-01,506.31,2026-03-01,5,RH,,2026-03-01,PRCR604C,HOSPITAL OUTPATIENT IMAGING SERVICES
79005,4,RADIOLOGY,0,999,Years,134.99,2026-03-01,282.40,2026-03-01,,RH,,2026-03-01,PRCR604C,HOSPITAL OUTPATIENT IMAGING SERVICES
79101,4,RADIOLOGY,0,999,Years,145.68,2026-03-01,282.40,2026-03-01,,RH,,2026-03-01,PRCR604C,HOSPITAL OUTPATIENT IMAGING SERVICES
79200,4,RADIOLOGY,0,999,Years,130.98,2024-03-01,282.40,2026-03-01,,RH,,2026-03-01,PRCR604C,HOSPITAL OUTPATIENT IMAGING SERVICES
79440,4,RADIOLOGY,0,999,Years,117.95,2024-03-01,282.40,2026-03-01,,RH,,2026-03-01,PRCR604C,HOSPITAL OUTPATIENT IMAGING SERVICES
79445,4,RADIOLOGY,0,999,Years,224.13,2026-03-01,282.40,2026-03-01,,RH,,2026-03-01,PRCR604C,HOSPITAL OUTPATIENT IMAGING SERVICES
79999,4,RADIOLOGY,0,999,Years,0.00,2022-03-01,282.40,2026-03-01,5,RH,,2026-03-01,PRCR604C,HOSPITAL OUTPATIENT IMAGING SERVICES
91110,4,RADIOLOGY,0,999,Years,732.90,2025-09-01,1181.33,2025-09-01,,RH,,2025-09-01,PRCR604C,HOSPITAL OUTPATIENT IMAGING SERVICES
91111,4,RADIOLOGY,0,999,Years,871.84,2025-09-01,1181.33,2025-09-01,,RH,,2025-09-01,PRCR604C,HOSPITAL OUTPATIENT IMAGING SERVICES
91112,4,RADIOLOGY,0,999,Years,937.56,2025-09-01,1181.33,2025-09-01,,RH,,2025-09-01,PRCR604C,HOSPITAL OUTPATIENT IMAGING SERVICES
91113,4,RADIOLOGY,0,999,Years,870.81,2025-03-01,1097.22,2025-03-01,,RH,,2025-03-01,PRCR604C,HOSPITAL OUTPATIENT IMAGING SERVICES
91200,4,RADIOLOGY,0,999,Years,31.93,2025-09-01,197.14,2025-09-01,,RH,,2025-09-01,PRCR604C,HOSPITAL OUTPATIENT IMAGING SERVICES
93278,4,RADIOLOGY,0,999,Years,31.74,2025-09-01,74.84,2025-09-01,,RH,,2025-09-01,PRCR604C,HOSPITAL OUTPATIENT IMAGING SERVICES
93303,4,RADIOLOGY,0,999,Years,215.51,2025-09-01,690.86,2025-09-01,,RH,,2025-09-01,PRCR604C,HOSPITAL OUTPATIENT IMAGING SERVICES
93304,4,RADIOLOGY,0,999,Years,151.70,2025-09-01,690.86,2025-09-01,,RH,,2025-09-01,PRCR604C,HOSPITAL OUTPATIENT IMAGING SERVICES
93307,4,RADIOLOGY,0,999,Years,135.33,2025-09-01,304.57,2025-09-01,HP,RH,,2025-09-01,PRCR604C,HOSPITAL OUTPATIENT IMAGING SERVICES
93308,4,RADIOLOGY,0,999,Years,97.56,2025-09-01,304.57,2025-09-01,HP,RH,,2025-09-01,PRCR604C,HOSPITAL OUTPATIENT IMAGING SERVICES
93312,4,RADIOLOGY,0,999,Years,232.89,2025-09-01,690.86,2025-09-01,HP,RH,,2025-09-01,PRCR604C,HOSPITAL OUTPATIENT IMAGING SERVICES
93313,4,RADIOLOGY,0,999,Years,11.03,2017-07-01,690.86,2025-09-01,,RH,,2025-09-01,PRCR604C,HOSPITAL OUTPATIENT IMAGING SERVICES
93315,4,RADIOLOGY,0,999,Years,359.51,2024-03-01,690.86,2025-09-01,,RH,,2025-09-01,PRCR604C,HOSPITAL OUTPATIENT IMAGING SERVICES
93316,4,RADIOLOGY,0,999,Years,25.06,2024-03-01,690.86,2025-09-01,,RH,,2025-09-01,PRCR604C,HOSPITAL OUTPATIENT IMAGING SERVICES
93318,4,RADIOLOGY,0,999,Years,257.31,2025-09-01,690.86,2025-09-01,,RH,,2025-09-01,PRCR604C,HOSPITAL OUTPATIENT IMAGING SERVICES
93319,4,RADIOLOGY,0,999,Years,24.21,2025-09-01,102.34,2025-09-01,,RH,,2025-09-01,PRCR604C,HOSPITAL OUTPATIENT IMAGING SERVICES
93350,4,RADIOLOGY,0,999,Years,182.78,2025-09-01,690.86,2025-09-01,HP,RH,,2025-09-01,PRCR604C,HOSPITAL OUTPATIENT IMAGING SERVICES
93355,4,RADIOLOGY,0,999,Years,219.86,2025-03-01,222.98,2025-03-01,,RH,,2025-03-01,PRCR604C,HOSPITAL OUTPATIENT IMAGING SERVICES
93880,4,RADIOLOGY,0,999,Years,187.79,2025-09-01,304.57,2025-09-01,,RH,,2025-09-01,PRCR604C,HOSPITAL OUTPATIENT IMAGING SERVICES
93882,4,RADIOLOGY,0,999,Years,106.34,2025-09-01,133.99,2025-09-01,,RH,,2025-09-01,PRCR604C,HOSPITAL OUTPATIENT IMAGING SERVICES
93886,4,RADIOLOGY,0,999,Years,241.72,2025-09-01,304.57,2025-09-01,,RH,,2025-09-01,PRCR604C,HOSPITAL OUTPATIENT IMAGING SERVICES
93888,4,RADIOLOGY,0,999,Years,106.34,2025-09-01,133.99,2025-09-01,,RH,,2025-09-01,PRCR604C,HOSPITAL OUTPATIENT IMAGING SERVICES
93892,4,RADIOLOGY,0,999,Years,106.34,2025-09-01,133.99,2025-09-01,,RH,,2025-09-01,PRCR604C,HOSPITAL OUTPATIENT IMAGING SERVICES
93893,4,RADIOLOGY,0,999,Years,106.34,2025-09-01,133.99,2025-09-01,HP,RH,,2025-09-01,PRCR604C,HOSPITAL OUTPATIENT IMAGING SERVICES
93923,4,RADIOLOGY,0,999,Years,129.98,2025-09-01,197.14,2025-09-01,HP,RH,,2025-09-01,PRCR604C,HOSPITAL OUTPATIENT IMAGING SERVICES
93924,4,RADIOLOGY,0,999,Years,156.46,2025-09-01,197.14,2025-09-01,,RH,,2025-09-01,PRCR604C,HOSPITAL OUTPATIENT IMAGING SERVICES
93925,4,RADIOLOGY,0,999,Years,236.56,2025-09-01,304.57,2025-09-01,,RH,,2025-09-01,PRCR604C,HOSPITAL OUTPATIENT IMAGING SERVICES
93926,4,RADIOLOGY,0,999,Years,106.34,2025-09-01,133.99,2025-09-01,,RH,,2025-09-01,PRCR604C,HOSPITAL OUTPATIENT IMAGING SERVICES
93930,4,RADIOLOGY,0,999,Years,197.14,2025-09-01,304.57,2025-09-01,,RH,,2025-09-01,PRCR604C,HOSPITAL OUTPATIENT IMAGING SERVICES
93931,4,RADIOLOGY,0,999,Years,106.34,2025-09-01,133.99,2025-09-01,,RH,,2025-09-01,PRCR604C,HOSPITAL OUTPATIENT IMAGING SERVICES
93970,4,RADIOLOGY,0,999,Years,184.78,2025-09-01,304.57,2025-09-01,HP,RH,,2025-09-01,PRCR604C,HOSPITAL OUTPATIENT IMAGING SERVICES
93971,4,RADIOLOGY,0,999,Years,106.34,2025-09-01,133.99,2025-09-01,HP,RH,,2025-09-01,PRCR604C,HOSPITAL OUTPATIENT IMAGING SERVICES
93975,4,RADIOLOGY,0,999,Years,241.72,2025-09-01,304.57,2025-09-01,,RH,,2025-09-01,PRCR604C,HOSPITAL OUTPATIENT IMAGING SERVICES
93976,4,RADIOLOGY,0,999,Years,106.34,2025-09-01,133.99,2025-09-01,,RH,,2025-09-01,PRCR604C,HOSPITAL OUTPATIENT IMAGING SERVICES
93978,4,RADIOLOGY,0,999,Years,179.76,2025-09-01,304.57,2025-09-01,,RH,,2025-09-01,PRCR604C,HOSPITAL OUTPATIENT IMAGING SERVICES
93979,4,RADIOLOGY,0,999,Years,106.34,2025-09-01,133.99,2025-09-01,,RH,,2025-09-01,PRCR604C,HOSPITAL OUTPATIENT IMAGING SERVICES
93980,4,RADIOLOGY,0,999,Years,106.34,2025-09-01,133.99,2025-09-01,,RH,,2025-09-01,PRCR604C,HOSPITAL OUTPATIENT IMAGING SERVICES
93981,4,RADIOLOGY,0,999,Years,70.50,2025-09-01,133.99,2025-09-01,,RH,,2025-09-01,PRCR604C,HOSPITAL OUTPATIENT IMAGING SERVICES
93990,4,RADIOLOGY,0,20,Years,106.34,2025-09-01,133.99,2025-09-01,,RH,,2025-09-01,PRCR604C,HOSPITAL OUTPATIENT IMAGING SERVICES
95965,4,RADIOLOGY,0,999,Years,893.35,2025-09-01,1281.91,2025-09-01,,RH,,2025-09-01,PRCR604C,HOSPITAL OUTPATIENT IMAGING SERVICES
95966,4,RADIOLOGY,0,999,Years,525.03,2025-09-01,1281.91,2025-09-01,,RH,,2025-09-01,PRCR604C,HOSPITAL OUTPATIENT IMAGING SERVICES
95967,4,RADIOLOGY,0,999,Years,728.29,2025-09-01,728.29,2021-09-01,,RH,,2025-09-01,PRCR604C,HOSPITAL OUTPATIENT IMAGING SERVICES
C9756,4,RADIOLOGY,0,999,Years,136.66,2025-03-01,109.33,2025-03-01,,RH,,2025-03-01,PRCR604C,HOSPITAL OUTPATIENT IMAGING SERVICES
C9762,4,RADIOLOGY,0,999,Years,418.00,2023-09-01,662.29,2025-03-01,,RH,,2025-03-01,PRCR604C,HOSPITAL OUTPATIENT IMAGING SERVICES
C9763,4,RADIOLOGY,0,999,Years,418.00,2023-09-01,662.29,2025-03-01,,RH,,2025-03-01,PRCR604C,HOSPITAL OUTPATIENT IMAGING SERVICES
C9776,4,RADIOLOGY,0,999,Years,135.66,2025-03-01,109.33,2025-03-01,,RH,,2025-03-01,PRCR604C,HOSPITAL OUTPATIENT IMAGING SERVICES
G0130,4,RADIOLOGY,0,999,Years,37.54,2025-03-01,134.67,2025-03-01,,RH,,2025-03-01,PRCR604C,HOSPITAL OUTPATIENT IMAGING SERVICES
G0279,4,RADIOLOGY,0,999,Years,47.45,2025-03-01,59.79,2025-03-01,,RH,,2025-03-01,PRCR604C,HOSPITAL OUTPATIENT IMAGING SERVICES
Q0035,4,RADIOLOGY,0,20,Years,22.05,2026-03-01,49.46,2026-03-01,,RH,,2026-03-01,PRCR604C,HOSPITAL OUTPATIENT IMAGING SERVICES
